relative_path,true_label,manifest_predicted_label,runtime_predicted_label,routing,expected_batch_repeats,successful_batch_repeats,prediction_matches_manifest_all_runs,confidence_median,cnn_median_ms,cnn_mean_ms,cnn_sd_ms,cnn_minimum_ms,cnn_maximum_ms,unet_preprocess_median_ms,unet_preprocess_mean_ms,unet_preprocess_sd_ms,unet_preprocess_minimum_ms,unet_preprocess_maximum_ms,unet_inference_median_ms,unet_inference_mean_ms,unet_inference_sd_ms,unet_inference_minimum_ms,unet_inference_maximum_ms,unet_save_median_ms,unet_save_mean_ms,unet_save_sd_ms,unet_save_minimum_ms,unet_save_maximum_ms,unet_total_median_ms,unet_total_mean_ms,unet_total_sd_ms,unet_total_minimum_ms,unet_total_maximum_ms,voronoi_median_ms,voronoi_mean_ms,voronoi_sd_ms,voronoi_minimum_ms,voronoi_maximum_ms,colorwheel_median_ms,colorwheel_mean_ms,colorwheel_sd_ms,colorwheel_minimum_ms,colorwheel_maximum_ms,full_pipeline_median_ms,full_pipeline_mean_ms,full_pipeline_sd_ms,full_pipeline_minimum_ms,full_pipeline_maximum_ms,status
dots/dot_01.png,dots,dots,dots,voronoi,3,3,True,0.9996912479400635,102.49619999376591,101.8398666686456,4.93712857843733,96.60740000254009,106.4160000096308,29.38769999309443,29.59450000101545,4.144271569907086,25.557500004651956,33.83830000529997,249.89809999533463,255.56326666264795,31.61297774706783,227.1658999961801,289.6257999964291,38.74869999708608,38.65166666704075,2.505059872414625,36.09949999372475,41.10680001031142,314.20429999707267,323.80943333070417,36.908487235619944,292.65309998299927,364.5709000120405,14864.987300010398,15349.486600006154,1033.6458222141189,14647.083400006522,16536.389100001543,,,,,,15452.391099999659,15999.132333337911,1114.6642471988623,15263.403400007519,17281.602500006557,completed
dots/dots_02.png,dots,dots,dots,voronoi,3,3,True,0.781582236289978,91.6467999923043,91.48490000128125,2.0182261909690533,89.39059999829624,93.41730001324322,34.8255999997491,35.13073333306238,1.0864272643558504,34.229500000947155,36.337099998490885,220.1962000108324,216.23403333554356,8.490415734069101,206.48680000158492,222.01909999421332,40.1144000061322,137.09386666596401,173.0751740523269,34.25199999765027,336.91519999410957,290.78530000697356,388.4586333345699,177.34161756876642,281.4268000074662,593.16379998927,21187.208899995312,21439.409099999466,578.8666957340744,21029.42810000968,22101.590299993404,,,,,,21614.164300000994,22089.71283333085,954.6808134928442,21466.205699995044,23188.768499996513,completed
dots/dots_03.png,dots,dots,dots,voronoi,3,3,True,0.9978141784667969,89.37329999753274,90.952266662498,2.978406151223031,89.09579999453854,94.38769999542274,34.885000000940636,34.18073333159555,3.130489406217013,30.758099994272925,36.89909999957308,202.96469998720568,204.43666666202867,4.210270117440572,201.15999999688938,209.18530000199098,38.557799998670816,38.640466664219275,0.22888445045683725,38.46440000052098,38.89919999346603,276.40749998681713,277.2578666578435,6.9051332926126605,270.81729998462833,284.54880000208504,17771.49330000975,18082.471900008386,673.8894025230378,17620.2265000029,18855.695900012506,,,,,,18199.02960000036,18502.915033333313,685.6744977569524,18021.69920000597,19288.016299993615,completed
dots/dots_04.png,dots,dots,dots,voronoi,3,3,True,0.9998832941055298,76.714400012861,75.73440000608873,6.887788188748371,68.40910000028089,82.07970000512432,16.790699999546632,18.289833329617977,2.7791858219420766,16.582099997322075,21.496699991985224,209.95840000978205,212.77986667215978,8.815599450538782,205.7204000011552,222.66080000554211,34.41509998810943,35.40046666360771,2.8285457652209707,33.19640000700019,38.589899995713495,264.65150000876747,266.4701666653855,6.675561977053428,260.8923999941908,273.8665999931982,11294.014900006005,11724.1142999992,874.70597195082,11147.727699993993,12730.600299997604,,,,,,11682.936400000472,12114.607666662778,880.5095638836891,11533.23439999076,13127.652199997101,completed
dots/dots_05.png,dots,dots,dots,voronoi,3,3,True,0.699499249458313,81.0975999920629,79.97079999768175,4.911909472853474,74.59340000059456,84.2214000003878,29.27820000331849,28.718466666759923,1.4532295245159421,27.068600000347942,29.80859999661334,202.22880000073928,205.5857000038183,9.014115945621539,198.7317000020994,215.79660000861622,33.890300008351915,33.7150333361933,0.4225059744947319,33.233099995413795,34.02170000481419,265.92770000570454,268.01920000677154,10.193761561995705,259.0333999978611,279.0965000167489,16127.850999997463,16793.595300002682,1265.9388316050463,15999.440600004164,18253.494300006423,,,,,,16529.041300003882,17205.820200004382,1288.1274120556816,16397.148200005176,18691.271100004087,completed
dots/dots_06.png,dots,dots,dots,voronoi,3,3,True,0.9997362494468689,78.77880000160076,81.29376666814399,7.010565190725991,75.88760000362527,89.21489999920595,23.22170000115875,23.74983332992997,1.1132917915156424,22.998899992671795,25.028899995959364,204.9336000054609,205.24223333632108,1.0893495788979433,204.3405000003986,206.45260000310373,33.664900009171106,35.26823333716796,3.1416072158268147,33.251800006837584,38.88799999549519,263.3392000134336,264.260300003419,4.205987161631057,260.591199999908,268.85049999691546,13803.21039998671,13819.391133331615,127.77561083021378,13700.47660000273,13954.486400005408,,,,,,14202.642600008403,14227.172166671759,122.77000337454619,14118.518800009042,14360.355099997832,completed
dots/dots_07.png,dots,dots,dots,voronoi,3,3,True,0.7031892538070679,79.94009999674745,79.65530000122574,0.995827451789505,78.54810000571888,80.4777000012109,27.711999995517544,28.919400002147693,2.127667751524634,27.670100011164322,31.37609999976121,207.51749999180902,205.91379999920414,4.29585087385552,201.04680000804365,209.1770999977598,37.83159999875352,37.900199997238815,0.445776527122421,37.49269999389071,38.37629999907222,272.7221999812173,272.73339999859064,2.4845189340925717,270.2545000065584,275.22350000799634,14967.101200003526,14962.444633327928,58.41222266931092,14901.8434999889,15018.389199991361,,,,,,15368.120299986913,15368.533199997424,56.81227534183194,15311.92849999934,15425.550800006022,completed
dots/dots_08.png,dots,dots,dots,voronoi,3,3,True,0.9980535507202148,86.7866999906255,88.05913333101974,2.349676043838549,86.62010000261944,90.7705999998143,31.105900008697063,31.354766664056417,2.0649781249978694,29.425499989883974,33.53289999358822,202.97739999659825,203.77713333194455,2.2095527422850036,202.07879999361467,206.27520000562072,37.78280000551604,37.75076667079702,0.11048938086988801,37.6278000039747,37.841700002900325,273.3944999927189,272.882666666798,2.6336202625123906,270.0306999904569,275.2228000172181,14800.295599998208,14824.737899999795,66.44165290703276,14773.979499994311,14899.938600006863,,,,,,15259.912499997881,15247.455200000937,60.17325856235729,15182.02829999791,15300.424800007022,completed
dots/dots_09.png,dots,dots,dots,voronoi,3,3,True,0.9993627667427063,77.65789999393746,77.63953333293709,0.38827593690603857,77.24240000243299,78.01830000244081,26.563900013570674,26.31616667107058,2.6722263821314867,23.528699995949864,28.855900003691204,208.04200001293793,210.39936667269407,4.483430925363503,207.58640000713058,215.56969999801368,35.37729999516159,35.49529999630371,0.4845974569736358,35.08059999148827,36.02800000226125,272.27520001179073,272.21083334006835,2.001126519934946,270.1783000229625,274.1789999854518,17917.573300001095,17966.88346666633,96.74441921423221,17904.729200003203,18078.347899994696,,,,,,18329.513699995005,18366.948266668867,92.50305533447565,18299.029500005418,18472.301600006176,completed
dots/dots_10.png,dots,dots,dots,voronoi,3,3,True,0.9971987009048462,76.31319999927655,79.32620000307604,6.314449843872257,75.08260000031441,86.58280000963714,21.314300000085495,21.570866670420703,1.76052760198334,19.95270000770688,23.445600003469735,204.99999998719431,205.49636666449564,3.493597083123536,202.27750000776723,209.21159999852534,34.73210000083782,34.77906666133398,0.09563107426910951,34.715999994659796,34.88909998850431,259.668699989561,261.8462999962503,4.836977776535132,258.48089999635704,267.3893000028329,14234.78040000191,14175.646833333303,113.48379458695237,14044.808199992985,14247.351900005015,,,,,,14628.9403999981,14574.129666667432,125.47272262040302,14430.576800004928,14662.871799999266,completed
dots/dots_11.png,dots,dots,dots,voronoi,3,3,True,0.9937454462051392,79.19129999936558,76.99629999600195,3.9040515806309566,72.48879999679048,79.30879999184981,20.449299991014414,20.54453332675621,1.7364097579418503,18.85769999353215,22.326599995722063,205.26380000228528,206.23766666782709,1.728522389708015,205.21580000058748,208.23340000060853,35.185300002922304,35.161066669388674,0.20711601157918702,34.942900005262345,35.35499999998137,262.5333000032697,261.943266663972,2.443476170462725,259.25879999704193,264.0376999916043,11096.421199996257,11141.870433323978,162.08316839488177,11007.363599987002,11321.826499988674,,,,,,11522.107600001618,11546.658899998874,174.186097638319,11386.05099999404,11731.818100000964,completed
dots/dots_13.png,dots,dots,dots,voronoi,3,3,True,0.6638205647468567,72.10299999860581,71.88433333067223,7.4076209713022365,64.3697999912547,79.1802000021562,15.66340000135824,15.313733330306908,2.9318803728581675,12.222699995618314,18.055099993944168,202.48520000313874,204.09573333260292,6.001619321925792,199.06369999807794,210.7382999965921,31.364599999506027,31.662199995480478,0.5510814155174114,31.323899995186366,32.29809999174904,249.513200004003,251.0716666583903,8.375857132074337,243.5844999854453,260.11729998572264,8615.090499995858,8598.208033334231,61.692815200567836,8529.831499996362,8649.702100010472,,,,,,8987.303200003225,8991.117966671785,50.61917334074769,8942.514100010158,9043.536600001971,completed
dots/dots_14.png,dots,dots,dots,voronoi,3,3,True,0.6761580109596252,67.72399999317713,68.81789999897592,4.964869310332017,64.49119999888353,74.23850000486709,14.311800012364984,15.125966669681171,1.8723819705378337,13.798499989206903,17.26760000747163,210.2417999994941,211.13470000273082,1.828869000608928,209.92380000825506,213.2385000004433,32.67660000710748,32.52060000280229,0.35908396215679234,32.109899999340996,32.775300001958385,259.3013000150677,258.7812666752143,1.7641054328810557,256.8155999906594,260.2269000199158,8957.520199997816,8935.169800000343,68.65435141044823,8858.12530000112,8989.863900002092,,,,,,9375.994200003333,9331.56326667328,87.60363462066707,9230.647000003955,9388.048600012553,completed
irregular/irregular_01.png,irregular,irregular,irregular,none,3,3,True,0.6082426905632019,70.0180999992881,69.5638999992904,3.907647892600915,65.44900000153575,73.22459999704733,14.850199993816204,14.293799996570064,1.8172480707719665,12.263399999937974,15.767799995956011,203.22580001084134,201.85796667162018,2.5856602119358483,198.8757000071928,203.47239999682643,33.50540000246838,36.91639999548594,6.475093414166645,32.85989999130834,44.38389999268111,251.827999993111,253.06816666367618,9.748593519100902,243.9989999984391,263.37749999947846,,,,,,,,,,,388.8619000063045,389.9158666705868,24.756082578105488,365.7036000076914,415.18209999776445,completed
irregular/irregular_02.png,irregular,irregular,irregular,none,3,3,True,0.8662452101707458,59.22609999834094,59.2871333307509,0.3778650828599305,58.94350000016857,59.69179999374319,7.066399994073436,7.134999997409371,0.6170665347874481,6.555100000696257,7.783499997458421,207.38999999593943,202.27246666521145,10.066774975040087,190.67499999073334,208.75240000896156,39.14740000618622,39.25653333620479,0.25487144171673004,39.07440000330098,39.547799999127164,254.3819000129588,248.6639999988256,10.199034243734953,236.888799990993,254.72129999252502,,,,,,,,,,,359.3576999992365,355.7428333297139,8.886110209737826,345.618999999715,362.2517999901902,completed
irregular/irregular_03.png,irregular,irregular,irregular,none,3,3,True,0.9443580508232117,60.80840001231991,60.793400004816554,4.150320325498199,56.63560000539292,64.93619999673683,9.610799999791197,9.333266663209846,1.3563652070457095,7.859599994844757,10.529399994993582,204.83660000900272,203.16243333703218,9.93669496170698,192.49499999568798,212.15570000640582,30.927300002076663,30.999933335503254,0.35634571528687164,30.685499994433485,31.38700000999961,246.29330000607297,243.49563333574528,10.634865826126502,231.74160000053234,252.4520000006305,,,,,,,,,,,363.0191999982344,358.7976333268064,19.178051863427953,337.8604999888921,375.5131999932928,completed
irregular/irregular_04.png,irregular,irregular,irregular,none,3,3,True,0.8417518734931946,57.562500005587935,57.23023333606155,0.7806672464456745,56.33839999791235,57.789800004684366,7.147800002712756,7.56780000422926,1.2423390897434645,6.589900003746152,8.965700006228872,200.5963999981759,204.65776666727228,7.319773147735268,200.26909999432974,213.10780000931118,39.8873999947682,40.03999999743731,0.2699596918886798,39.88089998892974,40.35170000861399,248.09590000950266,252.26556666893885,8.423734353922548,246.73989998700563,261.96090001030825,,,,,,,,,,,353.7840000062715,360.9331333379184,12.859900400636027,353.2363000122132,375.77909999527037,completed
irregular/irregular_05.png,irregular,irregular,irregular,none,3,3,True,0.6816096901893616,62.51509999856353,62.62550000489379,3.6746440232950017,59.007300005760044,66.3541000103578,9.940999996615574,9.903933329042047,1.9919586727897234,7.893699992564507,11.877099997946061,200.1695000071777,201.58893333670372,4.196719346787194,198.28599999891594,206.31130000401754,30.998499991255812,31.395933333745536,0.7864642835690938,30.887500004610047,32.30180000537075,242.41230000916403,242.8887999994913,6.073884357286373,237.0671999960905,249.1868999932194,,,,,,,,,,,369.13340000319295,362.9461333378761,11.046334491649326,350.19280000415165,369.5122000062838,completed
irregular/irregular_06.jpeg,irregular,lines,lines,colorwheel,3,3,True,0.5373424887657166,77.27520000480581,76.57759999953366,1.2693830356133788,75.11239999439567,77.34519999939948,22.972300008405,23.60166667009859,1.300479656163213,22.735600010491908,25.097099991398863,207.2693999944022,206.54163333044076,1.6237597791166374,204.68130000517704,207.67419999174308,44.229599996469915,47.460199993414186,7.468259346961787,42.1510999876773,55.99989999609534,274.0079999930458,277.60349999395356,7.669034271007187,272.3927999904845,286.4096999983303,,,,,,9769.030499999644,9627.829666666608,372.05197464237386,9205.847100005485,9908.611399994697,10167.100299993763,10029.659566668366,378.19641361606006,9601.961400010623,10319.917000000714,completed
irregular/irregular_07.png,irregular,irregular,irregular,none,3,3,True,0.9995558857917786,119.83680000412278,119.26683333877008,5.566777165412932,113.43700000725221,124.52670000493526,42.49949999211822,43.92029999386674,2.81379365670817,42.1001999930013,47.16119999648072,247.86020000465214,246.07216667209286,10.839029616185202,234.45030000584666,255.9060000057798,37.03829999722075,36.95769999952366,0.2975044676529289,36.62820000317879,37.20659999817144,327.1669999958249,326.95016666548327,12.855021624803182,313.9880999951856,339.6954000054393,,,,,,,,,,,528.0788999953074,519.7555333288619,26.08363333962612,490.5259999941336,540.6616999971448,completed
lines/lines_01.png,lines,irregular,irregular,none,3,3,True,0.9999997615814209,95.65190000284929,95.86000000611723,1.0078933118055515,94.97240000928286,96.95570000621956,26.589200002490543,25.558533336152323,1.8049484114796268,23.474400004488416,26.61200000147801,249.16910000320058,248.5680333338678,2.660225228188904,245.65870000515133,250.87629999325145,34.595599994645454,34.65430000020812,0.22837970689279813,34.46100000292063,34.90630000305828,310.2421000075992,308.78086667022825,4.205748421232408,304.039400012698,312.06109999038745,,,,,,,,,,,449.7752000024775,450.68323333301424,10.444994447713473,440.7218999986071,461.55259999795817,completed
lines/lines_02.png,lines,lines,lines,colorwheel,3,3,True,0.9999152421951294,106.33219999726862,103.85746666967559,9.876536143404044,92.97890000743791,112.26130000432022,34.95400000247173,34.87006667031286,1.2217642036490108,33.60850000171922,36.04770000674762,202.85169999988284,216.75233333856644,27.97773059405037,198.44730000477284,248.95800001104362,37.2648000047775,37.2726333346994,1.2187688834969803,36.05779999634251,38.49530000297818,276.16420001140796,288.8950333435787,29.300291010362507,268.1136000028346,322.40730001649354,,,,,,7322.379699995508,7317.454433335418,80.26661297507809,7234.838600008516,7395.1450000022305,7745.698499988066,7757.542333327971,52.211474273383125,7712.27020000515,7814.658299990697,completed
lines/lines_03.png,lines,lines,lines,colorwheel,3,3,True,0.9999998807907104,94.28150000167079,98.8349333347287,9.338398949546075,92.64669999538455,109.57660000713076,19.630899987532757,20.468166660672676,2.1399862555146516,18.873399996664375,22.90019999782089,253.81759999436326,255.56866666981173,5.796097779940666,250.850000011269,262.03840000380296,33.23989998898469,33.27240000362508,0.4060267110692321,32.883600011700764,33.69370001018979,305.5746000027284,309.3092333341095,7.712841127864629,304.17460000899155,318.17849999060854,,,,,,3860.826400006772,3747.069933335297,239.73590809558678,3471.6329999937443,3908.750400005374,4330.592700003763,4207.327900003293,238.44647375661035,3932.4794999993173,4358.911500006798,completed
lines/lines_04.png,lines,lines,lines,colorwheel,3,3,True,0.9993066787719727,102.22960000101011,104.88933333059929,4.696276275856355,102.1265999879688,110.31180000281893,24.566599997342564,25.949166670519237,2.8717630548866784,24.0302000020165,29.25070001219865,253.94589999632444,262.1517999990222,29.67552562605509,237.44270000315737,295.0667999975849,33.819099990068935,33.9290999933534,0.684461711127368,33.30629999982193,34.66189999016933,312.6379999885103,322.03006666289485,31.95036859240049,295.82839999056887,357.6238000096055,,,,,,4932.38630000269,4973.351799999364,115.22436138764056,4884.2078000016045,5103.461299993796,5438.615899998695,5465.692666664836,108.79574543500333,5372.992399992654,5585.469700003159,completed
lines/lines_05.png,lines,lines,lines,colorwheel,3,3,True,0.9995525479316711,89.78639999986626,93.1139666645322,6.080591156508735,89.42340000066906,100.13209999306127,16.143800006830133,16.66036666817187,1.3021109609787636,15.695800000685267,18.14149999700021,248.26930000563152,242.01083333658366,14.13160622932894,225.83070000109728,251.93250000302214,33.81430001172703,33.59720000783758,0.5435055739082659,32.97870000824332,33.99860000354238,297.96370000985917,292.2684000125931,12.636578045613138,277.7865000098245,301.0550000180956,,,,,,3354.502100002719,3364.8384333355352,116.32912142244723,3254.0223999967566,3485.99080000713,3820.782099995995,3825.268166663591,70.44261557277856,3757.17579999764,3897.8465999971377,completed
lines/lines_06.png,lines,lines,lines,colorwheel,3,3,True,0.9918842315673828,109.11780000606086,106.32883333892096,5.656270500231449,99.81970000080764,110.04900000989437,23.288700002012774,23.45183333090972,1.5212742869470508,22.018699994077906,25.048099996638484,255.0008000107482,264.74109999738477,20.67757927015025,250.73249998968095,288.4899999917252,35.61579999222886,35.29796665922428,1.078467007946535,34.09629999077879,36.1817999946652,311.1157999956049,323.4908999875188,22.229495663365768,310.2029999863589,349.15389998059254,,,,,,4338.932400001795,4384.402233331154,172.31683226627956,4239.379999999073,4574.894299992593,4822.251799996593,4883.446799998637,157.67499999304937,4765.542499997537,5062.546100001782,completed
lines/lines_07.png,lines,lines,lines,colorwheel,3,3,True,0.985153317451477,98.06420000677463,98.19623333654211,0.4590199457649686,97.81769999244716,98.70680001040455,22.082299998146482,21.790066666047398,1.3488060472174948,20.319100003689528,22.96879999630619,278.6657999968156,278.29269999832223,23.85353850519311,254.2548000055831,301.95749999256805,41.94860000279732,42.056699996464886,0.4984209106612517,41.621199998189695,42.60029998840764,344.23489998152945,342.13946666083456,24.96269840134053,316.1951000074623,365.98839999351185,,,,,,3982.232700000168,3973.786766665095,24.129040220553534,3946.5701000008266,3992.557499994291,4500.979500007816,4482.9288666708935,41.751842785611395,4435.188600007677,4512.618499997188,completed
lines/lines_08.png,lines,lines,lines,colorwheel,3,3,True,0.9986419081687927,101.8154999910621,99.21006666748629,7.065995872245821,91.21130000858102,104.60340000281576,20.132299992837943,20.45879999544316,2.680405822005922,17.956600000616163,23.287499992875382,244.0227000042796,236.36256666698804,32.24762447952696,200.9745999966981,264.0903999999864,33.884299991768785,33.7872333281363,0.2254575185918451,33.52949999680277,33.94789999583736,295.86359999666456,290.6085999905675,33.653830197568375,254.6363999863388,321.32579998869915,,,,,,4269.743599987123,4276.235266666238,87.71844307317036,4191.942999997991,4367.019200013601,4681.221999999252,4731.296400001156,107.61680354557878,4657.8410000074655,4854.826199996751,completed
lines/lines_09.png,lines,lines,lines,colorwheel,3,3,True,0.7682480216026306,93.68259999610018,93.86243333089321,7.2143312281136485,86.73969999654219,101.16500000003725,20.648799996706657,20.94316666868205,1.2031674938044754,19.91450000787154,22.26620000146795,273.3376000105636,270.24786667122197,13.780575968592698,255.18469999951776,282.2213000035845,34.2361999937566,34.41769999820584,0.4133983696026725,34.12609999941196,34.89080000144895,330.4946000134805,325.60873333810986,14.463185472680932,309.3354000011459,336.9961999997031,,,,,,4177.329199999804,4108.973300006862,160.03330772096223,3926.1136000131955,4223.477100007585,4663.324399996782,4605.288500000218,152.42281817759869,4432.372700000997,4720.168400002876,completed
lines/lines_10.png,lines,lines,lines,colorwheel,3,3,True,0.9997170567512512,95.90319999551866,95.02973333292175,4.820718726913478,89.8319999978412,99.3540000054054,17.80539999890607,16.827666671209347,1.78950386746088,14.762300008442253,17.915300006279722,239.7220999991987,247.9442999950455,24.30477352929646,228.81709999637678,275.293699989561,32.216200008406304,32.064466669301815,1.1474490244042452,30.84870000020601,33.128499999293126,287.61290000693407,296.83643333555665,25.168306211686456,277.5811000028625,325.31529999687336,,,,,,3201.0101999912877,3204.0979333348027,154.8193949924546,3050.845500009018,3360.438100004103,3611.046799996984,3654.69166667026,176.4497736846241,3504.160200012848,3848.868000000948,completed
lines/lines_11.png,lines,lines,lines,colorwheel,3,3,True,0.9998757839202881,93.06970000034198,93.04290000000037,0.7903408686874254,92.2394999943208,93.81950000533834,17.183300005854107,16.54253333496551,1.5292821697604662,14.797099996940233,17.64720000210218,255.60779999068473,263.4505333311002,14.176811936948546,254.92800000938587,279.81579999323003,34.359700002823956,33.86756667168811,1.4170138875506804,32.27010001137387,34.9729000008665,307.61469999561086,313.8606333377538,15.934581788670695,301.9952000177,331.97199999995064,,,,,,3539.2591999989236,3496.4334000008726,112.29571893709534,3369.0262000018265,3581.014800001867,4029.09080000245,3973.4900999998595,129.77300802902994,3825.180600004387,4066.1988999927416,completed
lines/lines_12.png,lines,lines,lines,colorwheel,3,3,True,0.9999990463256836,88.20790000027046,89.43003333600548,3.925187312650748,86.26130000629928,93.82090000144672,9.369499995955266,10.269633329395825,2.207332786200748,8.654599994770251,12.78479999746196,261.16679998813197,261.4572333259275,10.657818355699316,250.94759999774396,272.2572999919066,40.4467000043951,40.54926666140091,0.6526230446368334,39.95399999257643,41.247099987231195,313.90559997817036,312.27613331672427,9.997296591626466,301.5641999809304,321.35859999107197,,,,,,2616.959899998619,2551.9364999975855,116.43683296544333,2417.5106000038795,2621.3389999902574,3058.246999993571,3022.0655000011902,130.72209339884455,2877.0635999972,3130.8859000127995,completed
lines/lines_13.png,lines,lines,lines,colorwheel,3,3,True,0.9999980926513672,87.32200000667945,87.11853333322021,6.754298855605805,80.26479999534786,93.76879999763332,12.847899997723289,13.276099998620339,0.8195029333950191,12.759400007780641,14.220999990357086,247.86889999813866,246.25880000045677,4.557594920962707,241.11469999479596,249.79280000843573,42.19930000544991,42.140600004737884,0.4181516139461236,41.696200001752004,42.52630000701174,303.15460001293104,301.675500003815,3.634179905988306,297.53499999060296,304.336900007911,,,,,,2686.075499994331,2684.052666668625,34.14611724224736,2648.9400999998907,2717.142400011653,3194.5700000069337,3162.6124666654505,63.16644274368123,3089.853099998436,3203.414299990982,completed
lines/lines_14.png,lines,lines,lines,colorwheel,3,3,True,0.9999998807907104,99.03949999716133,98.24706666404381,6.3381127841447515,91.54999999736901,104.1516999976011,11.8705999921076,12.309399996108064,1.0188234207992006,11.583500003325753,13.474099992890842,283.0734000017401,268.675200000871,26.500450397492976,238.09250000340398,284.85969999746885,29.129999995348044,29.01259999877463,0.9014519201189125,28.058199997758493,29.849600003217347,324.5065000082832,309.99719999575365,27.731390904816536,278.0212999932701,327.46379998570774,,,,,,2091.262600006303,2095.046833337013,52.97481908405095,2044.0655999991577,2149.8123000055784,2564.552600000752,2560.445233330635,59.18593734571752,2499.312599989935,2617.470500001218,completed
lines/lines_15.png,lines,lines,lines,colorwheel,3,3,True,0.9979233741760254,81.64109999779612,80.90583333493366,4.430397964143695,76.15380000788718,84.92259999911766,8.044000001973473,7.789133330030988,0.772311964394119,6.921599997440353,8.401799990679137,279.4971999974223,273.71179999803036,14.295937064018261,257.4298999970779,284.20829999959096,39.54669999075122,39.536366666046284,0.3874033677819566,39.14390000863932,39.9184999987483,327.45969999814406,321.0372999941076,15.372194980927658,303.49540000315756,332.1567999810213,,,,,,1566.2106000090716,1606.5713000037551,104.59955610449563,1528.1649999960791,1725.3383000061149,2052.8756999992765,2087.2406999988016,71.83849454167056,2039.0392999979667,2169.8070999991614,completed
lines/lines_16.png,lines,lines,lines,colorwheel,3,3,True,0.9999986886978149,89.76020000409335,88.63783333314738,2.916394238434472,85.32699999341276,90.82630000193603,6.901800006744452,6.97293333359994,0.8403609782719496,6.170399996335618,7.84659999771975,273.22379998804536,274.8187333296907,30.16593933451556,245.4818999976851,305.7505000033416,41.622900011134334,41.98023333932118,1.2503020780654974,40.94750000513159,43.370300001697615,323.4958999964874,323.7719000026118,28.959486428499137,294.9514000065392,352.8684000048088,,,,,,1691.7554999963613,1657.4144666665234,78.0081836121194,1568.1274000089616,1712.3604999942472,2141.0968999989564,2161.730700007562,60.51354808726793,2114.2326000117464,2229.862600011984,completed
lines/lines_17.png,lines,lines,lines,colorwheel,3,3,True,0.9999960660934448,94.81720000621863,96.08583333708036,4.175678148285103,92.69160000258125,100.74870000244118,14.86799999838695,15.36119999946095,1.7667085702981487,13.893499999539927,17.322100000455976,250.34339999547228,263.3851999999024,29.2854230452782,242.886299995007,296.9259000092279,41.938499998650514,42.89639999721354,2.1873620897052577,41.35139999561943,45.39929999737069,310.6106999912299,321.6427999965769,30.00242169463626,298.71829999319743,355.5994000053033,,,,,,3739.6214000036707,3672.4129333354845,127.52643977643548,3525.3395000036107,3752.2778999991715,4244.985099998303,4156.287733334466,158.67788285832893,3973.092900007032,4250.785199998063,completed
lines/lines_18.png,lines,mixed,mixed,voronoi+colorwheel,3,3,True,0.6146520376205444,96.35350000462495,95.98886666935869,5.978795139951797,89.83609999995679,101.77700000349432,15.761300004669465,15.751400002045557,0.08637655193709953,15.66050000838004,15.832399993087165,248.6571999907028,258.27853333127376,23.49221941602615,241.12430000968743,285.054099993431,34.570999996503815,34.40556666464545,0.2962913444014091,34.06350000295788,34.58219999447465,298.48199999833014,308.43549999796477,23.681028430875273,291.3558000145713,335.4686999809928,7819.872899999609,7853.218600003554,86.49166046697715,7788.363200001186,7951.419700009865,3043.539600010263,3126.7768333345884,170.16772616340077,3014.250299995183,3322.5405999983195,11348.527699999977,11460.37120000498,218.47483230567167,11320.462600007886,11712.123300007079,completed
lines/lines_19.png,lines,lines,lines,colorwheel,3,3,True,0.9978190660476685,89.90750000521075,89.65453333318389,2.4077373634105608,87.13029998762067,91.92580000672024,15.643599996110424,16.490866662934422,1.5177528031920668,15.585899993311614,18.24309999938123,235.24239999824204,243.3454999991227,24.9787492648144,223.4242999984417,271.36980000068434,41.47680000460241,41.14306667179335,0.5902961527267743,40.46150000067428,41.49090001010336,291.34749999502674,300.97943333385047,26.634230183051425,280.5011000018567,331.089700004668,,,,,,2998.163199998089,2890.597333331243,381.79699634594357,2466.556200000923,3207.072599994717,3526.3930999935837,3364.3823333307714,399.2789523756539,2909.5613999961643,3657.192500002566,completed
lines/lines_20.png,lines,lines,lines,colorwheel,3,3,True,0.9723218083381653,107.50820000248495,102.596133336192,17.421934688200643,83.2455000054324,117.03470000065863,34.85280000313651,33.699633340196065,3.8091932762809777,29.44710000883788,36.7990000086138,265.3814999939641,261.70803332934156,42.46662908312227,217.5239999924088,302.2186000016518,41.154699996695854,40.60273333258616,1.158470090772546,39.271500005270354,41.381999995792285,341.6162999928929,336.0104000021238,47.21511115705703,286.242600006517,380.17230000696145,,,,,,7924.007599998731,7877.520333330419,225.61108033718742,7632.286699998076,8076.266699994449,8447.792199993273,8383.715233333836,304.2376918079907,8052.5426999956835,8650.81080001255,completed
mixed/Mixed_01.png,mixed,mixed,mixed,voronoi+colorwheel,3,3,True,0.539850115776062,97.04179999243934,98.76236665877514,8.932703918021756,90.81509998941328,108.43019999447279,22.460200008936226,23.146733340884868,1.527095142044126,22.083400006522425,24.896600007195957,244.91340000531636,245.55109999588845,8.553896514906507,237.33389998960774,254.40599999274127,33.513000002130866,33.73439999995753,0.6189472661425831,33.25659999973141,34.43359999801032,300.630200013984,302.43223333673086,10.51935652839357,292.93029999826103,313.73619999794755,13439.550399998552,13439.233733336247,240.7393562051488,13198.336200002814,13679.814600007376,4331.010300011258,4337.485800002469,56.069999635230175,4284.934700001031,4396.512399995117,18245.085100003053,18256.68720000249,177.8352254410868,18084.937100007664,18440.03939999675,completed
mixed/Mixed_03.png,mixed,mixed,mixed,voronoi+colorwheel,3,3,True,0.5517905354499817,79.62940000288654,79.52270000047672,9.01192375331715,70.45790000120178,88.48079999734182,5.353200001991354,5.2706333323537065,1.2019787749853017,4.029499992611818,6.4292000024579465,259.2278000083752,253.83700000141593,28.488633800641022,223.03809999721125,279.2450999986613,40.37709999829531,40.3094333402502,0.6142019546524967,39.66420001233928,40.887000010116026,306.54400002094917,299.41706667401985,29.768676815489666,266.73180000216234,324.975399998948,2623.4623000054853,2626.269766667974,27.231855519667437,2600.5504000058863,2654.796599992551,1266.7613999947207,1271.2848666657617,98.42209262987899,1175.2025000023423,1371.8907000002218,4381.072500007576,4350.207200002235,134.33755251157476,4203.123200000846,4466.425899998285,completed
mixed/Mixed_04.png,mixed,mixed,mixed,voronoi+colorwheel,3,3,True,0.9343376755714417,82.64589999453165,81.96216666450103,2.880615085516072,78.80119999754243,84.43940000142902,7.557299992186017,7.359799996872122,0.6405093593030389,6.643800006713718,7.878299991716631,266.8452000070829,265.251533332048,2.879596399858335,261.92739998805337,266.9820000010077,40.30939999211114,40.19856666369984,0.3181732932923141,39.8397999961162,40.4465000028722,313.4656000038376,312.80989999261993,2.3010188874751183,310.2521999826422,314.71189999138005,6146.901500003878,6115.309333336579,145.25096309601693,5956.862300008652,6242.164199997205,1301.2096000020392,1302.2624333340598,36.632398864896366,1266.167800000403,1339.4098999997368,7894.113100002869,7873.34353333669,183.25611586747186,7680.587499999092,8045.330000008107,completed
mixed/mixed_05.png,mixed,lines,lines,colorwheel,3,3,True,0.5676323175430298,114.17169999913312,115.34853333432693,6.356288698217424,109.66289999487344,122.21100000897422,34.72189999592956,35.2116666714816,1.4555212374132573,34.064200008288026,36.848900010227226,240.99390000628773,244.77633333784374,6.881496189281348,240.61570000776555,252.7193999994779,41.948699989006855,41.81719999663377,0.8684492507497598,40.89049999311101,42.612400007783435,317.66449999122415,321.8052000059591,7.496547730998169,317.292300023837,330.45880000281613,,,,,,7788.247200005571,7650.547866665875,428.88431842053376,7169.726199994329,7993.670199997723,8295.962400006829,8149.355933336968,444.30315576754947,7650.276700005634,8501.828699998441,completed
mixed/mixed_06.jpeg,mixed,mixed,mixed,voronoi+colorwheel,3,3,True,0.901093065738678,97.04659999988507,93.61809999487984,17.319556782772832,74.84069999190979,108.96699999284465,23.843299990403466,24.145066665369086,2.996866540672129,21.31050000025425,27.28140000544954,243.07940001017414,234.26533333258703,35.05720079827882,195.64219999301713,264.07439999456983,42.077700010850094,41.834266667137854,2.54928209013806,39.17199998977594,44.253100000787526,306.4676000212785,300.244666665094,38.851295553931834,258.65749997319654,335.6089000008069,27011.31620000524,26998.624266668532,25.29420788168333,26969.49709999899,27015.05950000137,10296.573200001149,10303.600699999757,67.19841413488541,10240.192199999,10374.036699999124,37705.7005000097,37743.76416666686,83.8643659808536,37685.6817999942,37839.910199996666,completed
mixed/mixed_07.png,mixed,lines,lines,colorwheel,3,3,True,0.6404964327812195,113.99860000528861,115.25566666387022,7.032178123637446,108.93679999571759,122.83159999060445,38.64790000079665,37.96783333624868,1.774960103393802,35.95340000174474,39.30220000620466,268.02519999910146,262.36950000262976,12.285443246875536,248.2748000038555,270.8085000049323,40.65959999570623,41.36806666792836,1.3354827651434626,40.53610000119079,42.90850000688806,350.11600000143517,341.70540000680677,14.671545450668983,324.764300006791,350.2359000121942,,,,,,8032.107099992572,7996.150100002221,115.09073025473054,7867.373600005521,8088.969600008568,8605.120899999747,8544.640466667866,107.84671687857569,8420.126700002584,8608.67380000127,completed
mixed/mixed_08.jpeg,mixed,mixed,mixed,voronoi+colorwheel,3,3,True,0.8115888833999634,89.82399999513291,91.41363333037589,5.945817748622733,86.42419999523554,97.99270000075921,16.514200004166923,16.370833337229367,0.5234869602566221,15.790600009495392,16.807699998025782,252.1130999957677,250.69276666423926,3.2086355827668793,247.01910000294447,252.94609999400564,37.535099996603094,37.20639999664854,0.8453219394848464,36.246099989512004,37.83800000383053,305.4388000018662,304.26999999811716,2.5259759516938813,301.3713000109419,305.9998999815434,17609.404399991035,17621.533666664618,48.56217137279038,17580.185800004983,17675.010799997835,6214.32040000218,6234.894966667828,42.006127922049345,6207.14240000234,6283.222099998966,24267.539799999213,24311.30103333271,98.92954362667638,24241.79909999657,24424.56420000235,completed
mixed/mixed_09.png,mixed,mixed,mixed,voronoi+colorwheel,3,3,True,0.9798629879951477,100.76409998873714,100.73236666115311,5.139773470795187,95.57679999852553,105.85619999619666,20.617300004232675,20.962400002948318,1.6317529677396807,19.530799996573478,22.739100008038804,251.3656999944942,262.63446666901774,23.85079593464802,246.50600001041312,290.03170000214595,34.92849999747705,35.02733333152719,1.256668255040031,33.82299999066163,36.33050000644289,304.7194999817293,318.6242000034933,26.427625218507742,302.05180001212284,349.10130001662765,12172.870100010186,12182.607933335627,319.98729722317233,11867.600700003095,12507.3529999936,3995.958600004087,4091.0243333297935,192.56570008007608,3964.4783999974607,4312.635999987833,16697.35590000346,16773.032766669832,467.7185569879464,16347.767100000056,17273.975300005986,completed
mixed/mixed_10.png,mixed,mixed,mixed,voronoi+colorwheel,3,3,True,0.9174965620040894,91.11900000425521,95.01903333390753,8.764851972248426,88.88110000407323,105.05699999339413,18.073900006129406,18.3274333345859,0.9548862996385291,17.524900002172217,19.383499995456077,253.61820000398438,256.2208000017563,15.505986926035453,242.18080000719056,272.8633999940939,33.528100000694394,37.864633331385754,8.055857785366165,32.90599999309052,47.15980000037234,306.8655000097351,312.41286666772794,11.62734840339501,304.5981000032043,325.7749999902444,9406.570000006468,9452.30313333741,91.17335343172358,9393.048199999612,9557.291200006148,3633.9166999969166,3644.3517666630214,167.51214491233503,3482.30109999713,3816.8374999950174,13487.453800000367,13577.870366663168,267.4576089771171,13367.340099997818,13878.817199991317,completed
mixed/mixed_11.png,mixed,mixed,mixed,voronoi+colorwheel,3,3,True,0.9750034809112549,101.87850000511389,106.02449999714736,8.067193302747306,100.8733999915421,115.32159999478608,22.94990001246333,22.318233338107046,1.3728018410602787,20.743300003232434,23.261499998625368,248.40169999515638,261.029366660902,23.003082083207023,247.1058999944944,287.5804999930551,33.978399995248765,34.268633331521414,0.5282765939087817,33.94910000497475,34.878399994340725,306.54159998812247,317.6162333305304,23.383365273793682,301.8275999929756,344.4795000104932,14418.661200004863,14412.217533337147,93.1014907208376,14316.06159999501,14501.929800011567,4555.8750000054715,4446.521633333759,217.30725672441739,4196.2590999901295,4587.430800005677,19438.71930000023,19344.114066664286,226.32041983389536,19085.841499996604,19507.78139999602,completed
