batch_repeat,position_in_batch,relative_path,true_label,manifest_predicted_label,runtime_predicted_label,prediction_matches_manifest,routing,confidence,second_probability,confidence_margin,probabilities_json,cnn_ms,unet_preprocess_ms,unet_inference_ms,unet_save_ms,unet_total_ms,voronoi_ms,voronoi_status,colorwheel_ms,colorwheel_status,full_pipeline_ms,status
1,1,dots/dot_01.png,dots,dots,dots,True,voronoi,0.9996912479400635,0.0002890542964451015,0.9994021936436184,"{""dots"": 0.9996912479400635, ""irregular"": 2.2147915501591342e-08, ""lines"": 1.962019996426534e-05, ""mixed"": 0.0002890542964451015}",102.49619999376591,33.83830000529997,289.6257999964291,41.10680001031142,364.5709000120405,16536.389100001543,completed,,not_applicable,17281.602500006557,completed
1,2,dots/dots_02.png,dots,dots,dots,True,voronoi,0.781582236289978,0.21557390689849854,0.5660083293914795,"{""dots"": 0.781582236289978, ""irregular"": 0.00014615975669585168, ""lines"": 0.0026976983062922955, ""mixed"": 0.21557390689849854}",91.6467999923043,34.229500000947155,222.01909999421332,336.91519999410957,593.16379998927,22101.590299993404,completed,,not_applicable,23188.768499996513,completed
1,3,dots/dots_03.png,dots,dots,dots,True,voronoi,0.9978141784667969,0.0020043705590069294,0.99580980790779,"{""dots"": 0.9978141784667969, ""irregular"": 6.93028141540708e-07, ""lines"": 0.0001806638902053237, ""mixed"": 0.0020043705590069294}",94.38769999542274,34.885000000940636,202.96469998720568,38.557799998670816,276.40749998681713,18855.695900012506,completed,,not_applicable,19288.016299993615,completed
1,4,dots/dots_04.png,dots,dots,dots,True,voronoi,0.9998832941055298,0.00011656932474579662,0.999766724780784,"{""dots"": 0.9998832941055298, ""irregular"": 4.5370104895248176e-10, ""lines"": 1.0134427697039428e-07, ""mixed"": 0.00011656932474579662}",76.714400012861,16.790699999546632,222.66080000554211,34.41509998810943,273.8665999931982,12730.600299997604,completed,,not_applicable,13127.652199997101,completed
1,5,dots/dots_05.png,dots,dots,dots,True,voronoi,0.699499249458313,0.24485456943511963,0.45464468002319336,"{""dots"": 0.699499249458313, ""irregular"": 0.009401495568454266, ""lines"": 0.04624461382627487, ""mixed"": 0.24485456943511963}",81.0975999920629,29.27820000331849,215.79660000861622,34.02170000481419,279.0965000167489,18253.494300006423,completed,,not_applicable,18691.271100004087,completed
1,6,dots/dots_06.png,dots,dots,dots,True,voronoi,0.9997362494468689,0.000263143825577572,0.9994731056212913,"{""dots"": 0.9997362494468689, ""irregular"": 5.144825898639738e-09, ""lines"": 6.414867925741419e-07, ""mixed"": 0.000263143825577572}",75.88760000362527,22.998899992671795,204.3405000003986,33.251800006837584,260.591199999908,13700.47660000273,completed,,not_applicable,14118.518800009042,completed
1,7,dots/dots_07.png,dots,dots,dots,True,voronoi,0.7031892538070679,0.2764197289943695,0.42676952481269836,"{""dots"": 0.7031892538070679, ""irregular"": 4.4439846533350646e-05, ""lines"": 0.2764197289943695, ""mixed"": 0.020346658304333687}",80.4777000012109,27.670100011164322,209.1770999977598,38.37629999907222,275.22350000799634,14967.101200003526,completed,,not_applicable,15368.120299986913,completed
1,8,dots/dots_08.png,dots,dots,dots,True,voronoi,0.9980535507202148,0.001840423559769988,0.9962131271604449,"{""dots"": 0.9980535507202148, ""irregular"": 8.870853207554319e-07, ""lines"": 0.00010515649773878977, ""mixed"": 0.001840423559769988}",86.62010000261944,29.425499989883974,202.97739999659825,37.6278000039747,270.0306999904569,14899.938600006863,completed,,not_applicable,15300.424800007022,completed
1,9,dots/dots_09.png,dots,dots,dots,True,voronoi,0.9993627667427063,0.0006165117374621332,0.9987462550052442,"{""dots"": 0.9993627667427063, ""irregular"": 9.284029545142403e-08, ""lines"": 2.0589683117577806e-05, ""mixed"": 0.0006165117374621332}",77.65789999393746,23.528699995949864,215.56969999801368,35.08059999148827,274.1789999854518,18078.347899994696,completed,,not_applicable,18472.301600006176,completed
1,10,dots/dots_10.png,dots,dots,dots,True,voronoi,0.9971987009048462,0.0025667198933660984,0.9946319810114801,"{""dots"": 0.9971987009048462, ""irregular"": 1.1796025773946894e-06, ""lines"": 0.0002332988806301728, ""mixed"": 0.0025667198933660984}",75.08260000031441,21.314300000085495,202.27750000776723,34.88909998850431,258.48089999635704,14234.78040000191,completed,,not_applicable,14628.9403999981,completed
1,11,dots/dots_11.png,dots,dots,dots,True,voronoi,0.9937454462051392,0.005247075576335192,0.988498370628804,"{""dots"": 0.9937454462051392, ""irregular"": 2.934233862106339e-06, ""lines"": 0.0010044410591945052, ""mixed"": 0.005247075576335192}",79.30879999184981,18.85769999353215,205.21580000058748,35.185300002922304,259.25879999704193,11321.826499988674,completed,,not_applicable,11731.818100000964,completed
1,12,dots/dots_13.png,dots,dots,dots,True,voronoi,0.6638205647468567,0.3262738883495331,0.3375466763973236,"{""dots"": 0.6638205647468567, ""irregular"": 0.0005783921224065125, ""lines"": 0.009327181614935398, ""mixed"": 0.3262738883495331}",72.10299999860581,12.222699995618314,199.06369999807794,32.29809999174904,243.5844999854453,8615.090499995858,completed,,not_applicable,8987.303200003225,completed
1,13,dots/dots_14.png,dots,dots,dots,True,voronoi,0.6761580109596252,0.23151111602783203,0.4446468949317932,"{""dots"": 0.6761580109596252, ""irregular"": 0.0007573249167762697, ""lines"": 0.23151111602783203, ""mixed"": 0.09157359600067139}",67.72399999317713,14.311800012364984,213.2385000004433,32.67660000710748,260.2269000199158,8957.520199997816,completed,,not_applicable,9375.994200003333,completed
1,14,irregular/irregular_01.png,irregular,irregular,irregular,True,none,0.6082426905632019,0.3912239670753479,0.217018723487854,"{""dots"": 4.224978692946024e-05, ""irregular"": 0.6082426905632019, ""lines"": 0.3912239670753479, ""mixed"": 0.0004910905263386667}",65.44900000153575,12.263399999937974,198.8757000071928,32.85989999130834,243.9989999984391,,not_applicable,,not_applicable,365.7036000076914,completed
1,15,irregular/irregular_02.png,irregular,irregular,irregular,True,none,0.8662452101707458,0.13373732566833496,0.7325078845024109,"{""dots"": 1.0919901569650392e-06, ""irregular"": 0.8662452101707458, ""lines"": 0.13373732566833496, ""mixed"": 1.636454362596851e-05}",58.94350000016857,7.066399994073436,190.67499999073334,39.14740000618622,236.888799990993,,not_applicable,,not_applicable,345.618999999715,completed
1,16,irregular/irregular_03.png,irregular,irregular,irregular,True,none,0.9443580508232117,0.05563636124134064,0.888721689581871,"{""dots"": 6.285191034294257e-07, ""irregular"": 0.9443580508232117, ""lines"": 0.05563636124134064, ""mixed"": 4.943454769090749e-06}",56.63560000539292,7.859599994844757,192.49499999568798,31.38700000999961,231.74160000053234,,not_applicable,,not_applicable,337.8604999888921,completed
1,17,irregular/irregular_04.png,irregular,irregular,irregular,True,none,0.8417518734931946,0.158198282122612,0.6835535913705826,"{""dots"": 4.720599463325925e-06, ""irregular"": 0.8417518734931946, ""lines"": 0.158198282122612, ""mixed"": 4.511424413067289e-05}",56.33839999791235,7.147800002712756,200.5963999981759,40.35170000861399,248.09590000950266,,not_applicable,,not_applicable,353.2363000122132,completed
1,18,irregular/irregular_05.png,irregular,irregular,irregular,True,none,0.6816096901893616,0.3181155323982239,0.3634941577911377,"{""dots"": 2.1686506443074904e-05, ""irregular"": 0.6816096901893616, ""lines"": 0.3181155323982239, ""mixed"": 0.0002530683414079249}",59.007300005760044,9.940999996615574,200.1695000071777,32.30180000537075,242.41230000916403,,not_applicable,,not_applicable,369.5122000062838,completed
1,19,irregular/irregular_06.jpeg,irregular,lines,lines,True,colorwheel,0.5373424887657166,0.4625939428806305,0.07474854588508606,"{""dots"": 2.4790388124529272e-06, ""irregular"": 0.4625939428806305, ""lines"": 0.5373424887657166, ""mixed"": 6.108225352363661e-05}",75.11239999439567,22.735600010491908,207.67419999174308,55.99989999609534,286.4096999983303,,not_applicable,9908.611399994697,completed,10319.917000000714,completed
1,20,irregular/irregular_07.png,irregular,irregular,irregular,True,none,0.9995558857917786,0.00044407101813703775,0.9991118147736415,"{""dots"": 3.168866904990075e-11, ""irregular"": 0.9995558857917786, ""lines"": 0.00044407101813703775, ""mixed"": 4.52845191900586e-11}",124.52670000493526,42.49949999211822,234.45030000584666,37.03829999722075,313.9880999951856,,not_applicable,,not_applicable,490.5259999941336,completed
1,21,lines/lines_01.png,lines,irregular,irregular,True,none,0.9999997615814209,1.840422072518777e-07,0.9999995775392136,"{""dots"": 5.4302481537640243e-17, ""irregular"": 0.9999997615814209, ""lines"": 1.840422072518777e-07, ""mixed"": 4.564135789372821e-17}",96.95570000621956,23.474400004488416,245.65870000515133,34.90630000305828,304.039400012698,,not_applicable,,not_applicable,440.7218999986071,completed
1,22,lines/lines_02.png,lines,lines,lines,True,colorwheel,0.9999152421951294,8.30967619549483e-05,0.9998321454331744,"{""dots"": 3.138779192113361e-08, ""irregular"": 1.6599954051343957e-06, ""lines"": 0.9999152421951294, ""mixed"": 8.30967619549483e-05}",106.33219999726862,33.60850000171922,198.44730000477284,36.05779999634251,268.1136000028346,,not_applicable,7395.1450000022305,completed,7814.658299990697,completed
1,23,lines/lines_03.png,lines,lines,lines,True,colorwheel,0.9999998807907104,7.275939850615032e-08,0.9999998080313119,"{""dots"": 7.65965069149388e-12, ""irregular"": 5.579859063686854e-08, ""lines"": 0.9999998807907104, ""mixed"": 7.275939850615032e-08}",94.28150000167079,19.630899987532757,250.850000011269,33.69370001018979,304.17460000899155,,not_applicable,3908.750400005374,completed,4358.911500006798,completed
1,24,lines/lines_04.png,lines,lines,lines,True,colorwheel,0.9993066787719727,0.0006576110608875751,0.9986490677110851,"{""dots"": 1.7304993207289954e-06, ""irregular"": 3.395196472411044e-05, ""lines"": 0.9993066787719727, ""mixed"": 0.0006576110608875751}",102.22960000101011,24.566599997342564,237.44270000315737,33.819099990068935,295.82839999056887,,not_applicable,5103.461299993796,completed,5585.469700003159,completed
1,25,lines/lines_05.png,lines,lines,lines,True,colorwheel,0.9995525479316711,0.0004434387374203652,0.9991091091942508,"{""dots"": 1.862530041307764e-07, ""irregular"": 3.886867489200085e-06, ""lines"": 0.9995525479316711, ""mixed"": 0.0004434387374203652}",89.42340000066906,16.143800006830133,251.93250000302214,32.97870000824332,301.0550000180956,,not_applicable,3254.0223999967566,completed,3757.17579999764,completed
1,26,lines/lines_06.png,lines,lines,lines,True,colorwheel,0.9918842315673828,0.007957489229738712,0.9839267423376441,"{""dots"": 3.493381882435642e-05, ""irregular"": 0.00012337983935140073, ""lines"": 0.9918842315673828, ""mixed"": 0.007957489229738712}",110.04900000989437,22.018699994077906,255.0008000107482,34.09629999077879,311.1157999956049,,not_applicable,4574.894299992593,completed,5062.546100001782,completed
1,27,lines/lines_07.png,lines,lines,lines,True,colorwheel,0.985153317451477,0.007171405479311943,0.9779819119721651,"{""dots"": 0.006517411209642887, ""irregular"": 0.0011578128905966878, ""lines"": 0.985153317451477, ""mixed"": 0.007171405479311943}",97.81769999244716,22.96879999630619,278.6657999968156,42.60029998840764,344.23489998152945,,not_applicable,3992.557499994291,completed,4512.618499997188,completed
1,28,lines/lines_08.png,lines,lines,lines,True,colorwheel,0.9986419081687927,0.0010799020528793335,0.9975620061159134,"{""dots"": 9.876945841824636e-05, ""irregular"": 0.00017944567662198097, ""lines"": 0.9986419081687927, ""mixed"": 0.0010799020528793335}",91.21130000858102,20.132299992837943,200.9745999966981,33.52949999680277,254.6363999863388,,not_applicable,4269.743599987123,completed,4657.8410000074655,completed
1,29,lines/lines_09.png,lines,lines,lines,True,colorwheel,0.7682480216026306,0.22215767204761505,0.5460903495550156,"{""dots"": 0.0031455447897315025, ""irregular"": 0.006448722444474697, ""lines"": 0.7682480216026306, ""mixed"": 0.22215767204761505}",93.68259999610018,20.648799996706657,282.2213000035845,34.12609999941196,336.9961999997031,,not_applicable,4177.329199999804,completed,4663.324399996782,completed
1,30,lines/lines_10.png,lines,lines,lines,True,colorwheel,0.9997170567512512,0.00021204695804044604,0.9995050097932108,"{""dots"": 4.851916628467734e-07, ""irregular"": 7.039349293336272e-05, ""lines"": 0.9997170567512512, ""mixed"": 0.00021204695804044604}",95.90319999551866,17.80539999890607,275.293699989561,32.216200008406304,325.31529999687336,,not_applicable,3360.438100004103,completed,3848.868000000948,completed
1,31,lines/lines_11.png,lines,lines,lines,True,colorwheel,0.9998757839202881,9.537096048006788e-05,0.999780412959808,"{""dots"": 6.904871270307922e-07, ""irregular"": 2.8121194191044196e-05, ""lines"": 0.9998757839202881, ""mixed"": 9.537096048006788e-05}",93.81950000533834,14.797099996940233,254.92800000938587,32.27010001137387,301.9952000177,,not_applicable,3581.014800001867,completed,4066.1988999927416,completed
1,32,lines/lines_12.png,lines,lines,lines,True,colorwheel,0.9999990463256836,8.571490184294817e-07,0.9999981891766652,"{""dots"": 1.28227262141678e-10, ""irregular"": 9.894712604818778e-08, ""lines"": 0.9999990463256836, ""mixed"": 8.571490184294817e-07}",86.26130000629928,9.369499995955266,250.94759999774396,41.247099987231195,301.5641999809304,,not_applicable,2616.959899998619,completed,3058.246999993571,completed
1,33,lines/lines_13.png,lines,lines,lines,True,colorwheel,0.9999980926513672,1.9343158328410937e-06,0.9999961583355343,"{""dots"": 1.7384840789169687e-10, ""irregular"": 4.753501414711536e-08, ""lines"": 0.9999980926513672, ""mixed"": 1.9343158328410937e-06}",87.32200000667945,12.847899997723289,249.79280000843573,41.696200001752004,304.336900007911,,not_applicable,2686.075499994331,completed,3203.414299990982,completed
1,34,lines/lines_14.png,lines,lines,lines,True,colorwheel,0.9999998807907104,1.1727701831887316e-07,0.9999997635136921,"{""dots"": 2.9647575627150813e-12, ""irregular"": 5.936803937345303e-09, ""lines"": 0.9999998807907104, ""mixed"": 1.1727701831887316e-07}",91.54999999736901,11.583500003325753,283.0734000017401,29.849600003217347,324.5065000082832,,not_applicable,2149.8123000055784,completed,2617.470500001218,completed
1,35,lines/lines_15.png,lines,lines,lines,True,colorwheel,0.9979233741760254,0.0020080693066120148,0.9959153048694134,"{""dots"": 5.609328582067974e-06, ""irregular"": 6.290306919254363e-05, ""lines"": 0.9979233741760254, ""mixed"": 0.0020080693066120148}",81.64109999779612,8.401799990679137,284.20829999959096,39.54669999075122,332.1567999810213,,not_applicable,1566.2106000090716,completed,2052.8756999992765,completed
1,36,lines/lines_16.png,lines,lines,lines,True,colorwheel,0.9999986886978149,1.1758110076698358e-06,0.9999975128868073,"{""dots"": 2.7460854770677834e-11, ""irregular"": 8.718021149434207e-08, ""lines"": 0.9999986886978149, ""mixed"": 1.1758110076698358e-06}",89.76020000409335,6.170399996335618,305.7505000033416,40.94750000513159,352.8684000048088,,not_applicable,1712.3604999942472,completed,2229.862600011984,completed
1,37,lines/lines_17.png,lines,lines,lines,True,colorwheel,0.9999960660934448,3.4265003705513664e-06,0.9999926395930743,"{""dots"": 1.7211762015634235e-09, ""irregular"": 4.4508519181363226e-07, ""lines"": 0.9999960660934448, ""mixed"": 3.4265003705513664e-06}",92.69160000258125,17.322100000455976,296.9259000092279,41.35139999561943,355.5994000053033,,not_applicable,3739.6214000036707,completed,4244.985099998303,completed
1,38,lines/lines_18.png,lines,mixed,mixed,True,voronoi+colorwheel,0.6146520376205444,0.29940810799598694,0.3152439296245575,"{""dots"": 0.07176153361797333, ""irregular"": 0.014178355224430561, ""lines"": 0.29940810799598694, ""mixed"": 0.6146520376205444}",96.35350000462495,15.832399993087165,285.054099993431,34.58219999447465,335.4686999809928,7788.363200001186,completed,3043.539600010263,completed,11348.527699999977,completed
1,39,lines/lines_19.png,lines,lines,lines,True,colorwheel,0.9978190660476685,0.0020447017159312963,0.9957743643317372,"{""dots"": 1.8004926459980197e-05, ""irregular"": 0.0001181677944259718, ""lines"": 0.9978190660476685, ""mixed"": 0.0020447017159312963}",89.90750000521075,15.585899993311614,223.4242999984417,41.49090001010336,280.5011000018567,,not_applicable,3207.072599994717,completed,3657.192500002566,completed
1,40,lines/lines_20.png,lines,lines,lines,True,colorwheel,0.9723218083381653,0.026206746697425842,0.9461150616407394,"{""dots"": 0.00045753634185530245, ""irregular"": 0.001013937871903181, ""lines"": 0.9723218083381653, ""mixed"": 0.026206746697425842}",107.50820000248495,34.85280000313651,265.3814999939641,41.381999995792285,341.6162999928929,,not_applicable,7924.007599998731,completed,8447.792199993273,completed
1,41,mixed/Mixed_01.png,mixed,mixed,mixed,True,voronoi+colorwheel,0.539850115776062,0.2988148331642151,0.24103528261184692,"{""dots"": 0.2988148331642151, ""irregular"": 0.008159531280398369, ""lines"": 0.15317556262016296, ""mixed"": 0.539850115776062}",90.81509998941328,22.083400006522425,237.33389998960774,33.513000002130866,292.93029999826103,13198.336200002814,completed,4396.512399995117,completed,18084.937100007664,completed
1,42,mixed/Mixed_03.png,mixed,mixed,mixed,True,voronoi+colorwheel,0.5517905354499817,0.4475152790546417,0.10427525639533997,"{""dots"": 0.0005903869750909507, ""irregular"": 0.00010377099533798173, ""lines"": 0.4475152790546417, ""mixed"": 0.5517905354499817}",88.48079999734182,5.353200001991354,279.2450999986613,40.37709999829531,324.975399998948,2600.5504000058863,completed,1266.7613999947207,completed,4381.072500007576,completed
1,43,mixed/Mixed_04.png,mixed,mixed,mixed,True,voronoi+colorwheel,0.9343376755714417,0.06198928505182266,0.872348390519619,"{""dots"": 0.0035506095737218857, ""irregular"": 0.00012245099060237408, ""lines"": 0.06198928505182266, ""mixed"": 0.9343376755714417}",82.64589999453165,7.878299991716631,261.92739998805337,40.4465000028722,310.2521999826422,5956.862300008652,completed,1266.167800000403,completed,7680.587499999092,completed
1,44,mixed/mixed_05.png,mixed,lines,lines,True,colorwheel,0.5676323175430298,0.39179691672325134,0.17583540081977844,"{""dots"": 0.031942497938871384, ""irregular"": 0.00862830225378275, ""lines"": 0.5676323175430298, ""mixed"": 0.39179691672325134}",109.66289999487344,34.064200008288026,240.61570000776555,42.612400007783435,317.292300023837,,not_applicable,7169.726199994329,completed,7650.276700005634,completed
1,45,mixed/mixed_06.jpeg,mixed,mixed,mixed,True,voronoi+colorwheel,0.901093065738678,0.08618628978729248,0.8149067759513855,"{""dots"": 0.08618628978729248, ""irregular"": 0.0002509199839551002, ""lines"": 0.012469688430428505, ""mixed"": 0.901093065738678}",74.84069999190979,23.843299990403466,195.64219999301713,39.17199998977594,258.65749997319654,27015.05950000137,completed,10296.573200001149,completed,37685.6817999942,completed
1,46,mixed/mixed_07.png,mixed,lines,lines,True,colorwheel,0.6404964327812195,0.3308451175689697,0.30965131521224976,"{""dots"": 0.021233944222331047, ""irregular"": 0.007424526382237673, ""lines"": 0.6404964327812195, ""mixed"": 0.3308451175689697}",113.99860000528861,38.64790000079665,270.8085000049323,40.65959999570623,350.11600000143517,,not_applicable,8088.969600008568,completed,8605.120899999747,completed
1,47,mixed/mixed_08.jpeg,mixed,mixed,mixed,True,voronoi+colorwheel,0.8115888833999634,0.18279123306274414,0.6287976503372192,"{""dots"": 0.005352301988750696, ""irregular"": 0.0002675737196113914, ""lines"": 0.18279123306274414, ""mixed"": 0.8115888833999634}",86.42419999523554,16.807699998025782,252.94609999400564,36.246099989512004,305.9998999815434,17609.404399991035,completed,6214.32040000218,completed,24267.539799999213,completed
1,48,mixed/mixed_09.png,mixed,mixed,mixed,True,voronoi+colorwheel,0.9798629879951477,0.014840497635304928,0.9650224903598428,"{""dots"": 0.005252075847238302, ""irregular"": 4.446204184205271e-05, ""lines"": 0.014840497635304928, ""mixed"": 0.9798629879951477}",100.76409998873714,20.617300004232675,246.50600001041312,34.92849999747705,302.05180001212284,11867.600700003095,completed,3964.4783999974607,completed,16347.767100000056,completed
1,49,mixed/mixed_10.png,mixed,mixed,mixed,True,voronoi+colorwheel,0.9174965620040894,0.07876706123352051,0.8387295007705688,"{""dots"": 0.0036496655084192753, ""irregular"": 8.664061897434294e-05, ""lines"": 0.07876706123352051, ""mixed"": 0.9174965620040894}",88.88110000407323,17.524900002172217,242.18080000719056,47.15980000037234,306.8655000097351,9406.570000006468,completed,3482.30109999713,completed,13367.340099997818,completed
1,50,mixed/mixed_11.png,mixed,mixed,mixed,True,voronoi+colorwheel,0.9750034809112549,0.019023146480321884,0.955980334430933,"{""dots"": 0.005911191459745169, ""irregular"": 6.222633237484843e-05, ""lines"": 0.019023146480321884, ""mixed"": 0.9750034809112549}",101.87850000511389,22.94990001246333,287.5804999930551,33.94910000497475,344.4795000104932,14316.06159999501,completed,4587.430800005677,completed,19438.71930000023,completed
2,1,dots/dot_01.png,dots,dots,dots,True,voronoi,0.9996912479400635,0.0002890542964451015,0.9994021936436184,"{""dots"": 0.9996912479400635, ""irregular"": 2.2147915501591342e-08, ""lines"": 1.962019996426534e-05, ""mixed"": 0.0002890542964451015}",106.4160000096308,29.38769999309443,227.1658999961801,36.09949999372475,292.65309998299927,14647.083400006522,completed,,not_applicable,15263.403400007519,completed
2,2,dots/dots_02.png,dots,dots,dots,True,voronoi,0.781582236289978,0.21557390689849854,0.5660083293914795,"{""dots"": 0.781582236289978, ""irregular"": 0.00014615975669585168, ""lines"": 0.0026976983062922955, ""mixed"": 0.21557390689849854}",89.39059999829624,36.337099998490885,220.1962000108324,34.25199999765027,290.78530000697356,21029.42810000968,completed,,not_applicable,21466.205699995044,completed
2,3,dots/dots_03.png,dots,dots,dots,True,voronoi,0.9978141784667969,0.0020043705590069294,0.99580980790779,"{""dots"": 0.9978141784667969, ""irregular"": 6.93028141540708e-07, ""lines"": 0.0001806638902053237, ""mixed"": 0.0020043705590069294}",89.37329999753274,30.758099994272925,201.15999999688938,38.89919999346603,270.81729998462833,17620.2265000029,completed,,not_applicable,18021.69920000597,completed
2,4,dots/dots_04.png,dots,dots,dots,True,voronoi,0.9998832941055298,0.00011656932474579662,0.999766724780784,"{""dots"": 0.9998832941055298, ""irregular"": 4.5370104895248176e-10, ""lines"": 1.0134427697039428e-07, ""mixed"": 0.00011656932474579662}",68.40910000028089,16.582099997322075,205.7204000011552,38.589899995713495,260.8923999941908,11147.727699993993,completed,,not_applicable,11533.23439999076,completed
2,5,dots/dots_05.png,dots,dots,dots,True,voronoi,0.699499249458313,0.24485456943511963,0.45464468002319336,"{""dots"": 0.699499249458313, ""irregular"": 0.009401495568454266, ""lines"": 0.04624461382627487, ""mixed"": 0.24485456943511963}",74.59340000059456,27.068600000347942,198.7317000020994,33.233099995413795,259.0333999978611,16127.850999997463,completed,,not_applicable,16529.041300003882,completed
2,6,dots/dots_06.png,dots,dots,dots,True,voronoi,0.9997362494468689,0.000263143825577572,0.9994731056212913,"{""dots"": 0.9997362494468689, ""irregular"": 5.144825898639738e-09, ""lines"": 6.414867925741419e-07, ""mixed"": 0.000263143825577572}",89.21489999920595,23.22170000115875,206.45260000310373,33.664900009171106,263.3392000134336,13803.21039998671,completed,,not_applicable,14202.642600008403,completed
2,7,dots/dots_07.png,dots,dots,dots,True,voronoi,0.7031892538070679,0.2764197289943695,0.42676952481269836,"{""dots"": 0.7031892538070679, ""irregular"": 4.4439846533350646e-05, ""lines"": 0.2764197289943695, ""mixed"": 0.020346658304333687}",78.54810000571888,31.37609999976121,201.04680000804365,37.83159999875352,270.2545000065584,15018.389199991361,completed,,not_applicable,15425.550800006022,completed
2,8,dots/dots_08.png,dots,dots,dots,True,voronoi,0.9980535507202148,0.001840423559769988,0.9962131271604449,"{""dots"": 0.9980535507202148, ""irregular"": 8.870853207554319e-07, ""lines"": 0.00010515649773878977, ""mixed"": 0.001840423559769988}",90.7705999998143,33.53289999358822,202.07879999361467,37.78280000551604,273.3944999927189,14773.979499994311,completed,,not_applicable,15182.02829999791,completed
2,9,dots/dots_09.png,dots,dots,dots,True,voronoi,0.9993627667427063,0.0006165117374621332,0.9987462550052442,"{""dots"": 0.9993627667427063, ""irregular"": 9.284029545142403e-08, ""lines"": 2.0589683117577806e-05, ""mixed"": 0.0006165117374621332}",77.24240000243299,26.563900013570674,207.58640000713058,36.02800000226125,270.1783000229625,17917.573300001095,completed,,not_applicable,18329.513699995005,completed
2,10,dots/dots_10.png,dots,dots,dots,True,voronoi,0.9971987009048462,0.0025667198933660984,0.9946319810114801,"{""dots"": 0.9971987009048462, ""irregular"": 1.1796025773946894e-06, ""lines"": 0.0002332988806301728, ""mixed"": 0.0025667198933660984}",76.31319999927655,23.445600003469735,209.21159999852534,34.73210000083782,267.3893000028329,14044.808199992985,completed,,not_applicable,14430.576800004928,completed
2,11,dots/dots_11.png,dots,dots,dots,True,voronoi,0.9937454462051392,0.005247075576335192,0.988498370628804,"{""dots"": 0.9937454462051392, ""irregular"": 2.934233862106339e-06, ""lines"": 0.0010044410591945052, ""mixed"": 0.005247075576335192}",72.48879999679048,22.326599995722063,205.26380000228528,34.942900005262345,262.5333000032697,11007.363599987002,completed,,not_applicable,11386.05099999404,completed
2,12,dots/dots_13.png,dots,dots,dots,True,voronoi,0.6638205647468567,0.3262738883495331,0.3375466763973236,"{""dots"": 0.6638205647468567, ""irregular"": 0.0005783921224065125, ""lines"": 0.009327181614935398, ""mixed"": 0.3262738883495331}",64.3697999912547,18.055099993944168,210.7382999965921,31.323899995186366,260.11729998572264,8649.702100010472,completed,,not_applicable,9043.536600001971,completed
2,13,dots/dots_14.png,dots,dots,dots,True,voronoi,0.6761580109596252,0.23151111602783203,0.4446468949317932,"{""dots"": 0.6761580109596252, ""irregular"": 0.0007573249167762697, ""lines"": 0.23151111602783203, ""mixed"": 0.09157359600067139}",64.49119999888353,17.26760000747163,209.92380000825506,32.109899999340996,259.3013000150677,8989.863900002092,completed,,not_applicable,9388.048600012553,completed
2,14,irregular/irregular_01.png,irregular,irregular,irregular,True,none,0.6082426905632019,0.3912239670753479,0.217018723487854,"{""dots"": 4.224978692946024e-05, ""irregular"": 0.6082426905632019, ""lines"": 0.3912239670753479, ""mixed"": 0.0004910905263386667}",73.22459999704733,15.767799995956011,203.22580001084134,44.38389999268111,263.37749999947846,,not_applicable,,not_applicable,415.18209999776445,completed
2,15,irregular/irregular_02.png,irregular,irregular,irregular,True,none,0.8662452101707458,0.13373732566833496,0.7325078845024109,"{""dots"": 1.0919901569650392e-06, ""irregular"": 0.8662452101707458, ""lines"": 0.13373732566833496, ""mixed"": 1.636454362596851e-05}",59.69179999374319,7.783499997458421,207.38999999593943,39.547799999127164,254.72129999252502,,not_applicable,,not_applicable,362.2517999901902,completed
2,16,irregular/irregular_03.png,irregular,irregular,irregular,True,none,0.9443580508232117,0.05563636124134064,0.888721689581871,"{""dots"": 6.285191034294257e-07, ""irregular"": 0.9443580508232117, ""lines"": 0.05563636124134064, ""mixed"": 4.943454769090749e-06}",60.80840001231991,10.529399994993582,204.83660000900272,30.927300002076663,246.29330000607297,,not_applicable,,not_applicable,375.5131999932928,completed
2,17,irregular/irregular_04.png,irregular,irregular,irregular,True,none,0.8417518734931946,0.158198282122612,0.6835535913705826,"{""dots"": 4.720599463325925e-06, ""irregular"": 0.8417518734931946, ""lines"": 0.158198282122612, ""mixed"": 4.511424413067289e-05}",57.789800004684366,8.965700006228872,213.10780000931118,39.8873999947682,261.96090001030825,,not_applicable,,not_applicable,375.77909999527037,completed
2,18,irregular/irregular_05.png,irregular,irregular,irregular,True,none,0.6816096901893616,0.3181155323982239,0.3634941577911377,"{""dots"": 2.1686506443074904e-05, ""irregular"": 0.6816096901893616, ""lines"": 0.3181155323982239, ""mixed"": 0.0002530683414079249}",62.51509999856353,11.877099997946061,206.31130000401754,30.998499991255812,249.1868999932194,,not_applicable,,not_applicable,369.13340000319295,completed
2,19,irregular/irregular_06.jpeg,irregular,lines,lines,True,colorwheel,0.5373424887657166,0.4625939428806305,0.07474854588508606,"{""dots"": 2.4790388124529272e-06, ""irregular"": 0.4625939428806305, ""lines"": 0.5373424887657166, ""mixed"": 6.108225352363661e-05}",77.27520000480581,25.097099991398863,204.68130000517704,44.229599996469915,274.0079999930458,,not_applicable,9769.030499999644,completed,10167.100299993763,completed
2,20,irregular/irregular_07.png,irregular,irregular,irregular,True,none,0.9995558857917786,0.00044407101813703775,0.9991118147736415,"{""dots"": 3.168866904990075e-11, ""irregular"": 0.9995558857917786, ""lines"": 0.00044407101813703775, ""mixed"": 4.52845191900586e-11}",119.83680000412278,47.16119999648072,255.9060000057798,36.62820000317879,339.6954000054393,,not_applicable,,not_applicable,528.0788999953074,completed
2,21,lines/lines_01.png,lines,irregular,irregular,True,none,0.9999997615814209,1.840422072518777e-07,0.9999995775392136,"{""dots"": 5.4302481537640243e-17, ""irregular"": 0.9999997615814209, ""lines"": 1.840422072518777e-07, ""mixed"": 4.564135789372821e-17}",94.97240000928286,26.61200000147801,249.16910000320058,34.46100000292063,310.2421000075992,,not_applicable,,not_applicable,449.7752000024775,completed
2,22,lines/lines_02.png,lines,lines,lines,True,colorwheel,0.9999152421951294,8.30967619549483e-05,0.9998321454331744,"{""dots"": 3.138779192113361e-08, ""irregular"": 1.6599954051343957e-06, ""lines"": 0.9999152421951294, ""mixed"": 8.30967619549483e-05}",92.97890000743791,36.04770000674762,202.85169999988284,37.2648000047775,276.16420001140796,,not_applicable,7322.379699995508,completed,7745.698499988066,completed
2,23,lines/lines_03.png,lines,lines,lines,True,colorwheel,0.9999998807907104,7.275939850615032e-08,0.9999998080313119,"{""dots"": 7.65965069149388e-12, ""irregular"": 5.579859063686854e-08, ""lines"": 0.9999998807907104, ""mixed"": 7.275939850615032e-08}",92.64669999538455,18.873399996664375,253.81759999436326,32.883600011700764,305.5746000027284,,not_applicable,3471.6329999937443,completed,3932.4794999993173,completed
2,24,lines/lines_04.png,lines,lines,lines,True,colorwheel,0.9993066787719727,0.0006576110608875751,0.9986490677110851,"{""dots"": 1.7304993207289954e-06, ""irregular"": 3.395196472411044e-05, ""lines"": 0.9993066787719727, ""mixed"": 0.0006576110608875751}",102.1265999879688,29.25070001219865,295.0667999975849,33.30629999982193,357.6238000096055,,not_applicable,4932.38630000269,completed,5438.615899998695,completed
2,25,lines/lines_05.png,lines,lines,lines,True,colorwheel,0.9995525479316711,0.0004434387374203652,0.9991091091942508,"{""dots"": 1.862530041307764e-07, ""irregular"": 3.886867489200085e-06, ""lines"": 0.9995525479316711, ""mixed"": 0.0004434387374203652}",89.78639999986626,18.14149999700021,225.83070000109728,33.81430001172703,277.7865000098245,,not_applicable,3485.99080000713,completed,3897.8465999971377,completed
2,26,lines/lines_06.png,lines,lines,lines,True,colorwheel,0.9918842315673828,0.007957489229738712,0.9839267423376441,"{""dots"": 3.493381882435642e-05, ""irregular"": 0.00012337983935140073, ""lines"": 0.9918842315673828, ""mixed"": 0.007957489229738712}",99.81970000080764,25.048099996638484,288.4899999917252,35.61579999222886,349.15389998059254,,not_applicable,4239.379999999073,completed,4765.542499997537,completed
2,27,lines/lines_07.png,lines,lines,lines,True,colorwheel,0.985153317451477,0.007171405479311943,0.9779819119721651,"{""dots"": 0.006517411209642887, ""irregular"": 0.0011578128905966878, ""lines"": 0.985153317451477, ""mixed"": 0.007171405479311943}",98.06420000677463,20.319100003689528,254.2548000055831,41.621199998189695,316.1951000074623,,not_applicable,3946.5701000008266,completed,4435.188600007677,completed
2,28,lines/lines_08.png,lines,lines,lines,True,colorwheel,0.9986419081687927,0.0010799020528793335,0.9975620061159134,"{""dots"": 9.876945841824636e-05, ""irregular"": 0.00017944567662198097, ""lines"": 0.9986419081687927, ""mixed"": 0.0010799020528793335}",101.8154999910621,23.287499992875382,264.0903999999864,33.94789999583736,321.32579998869915,,not_applicable,4191.942999997991,completed,4681.221999999252,completed
2,29,lines/lines_09.png,lines,lines,lines,True,colorwheel,0.7682480216026306,0.22215767204761505,0.5460903495550156,"{""dots"": 0.0031455447897315025, ""irregular"": 0.006448722444474697, ""lines"": 0.7682480216026306, ""mixed"": 0.22215767204761505}",86.73969999654219,19.91450000787154,255.18469999951776,34.2361999937566,309.3354000011459,,not_applicable,3926.1136000131955,completed,4432.372700000997,completed
2,30,lines/lines_10.png,lines,lines,lines,True,colorwheel,0.9997170567512512,0.00021204695804044604,0.9995050097932108,"{""dots"": 4.851916628467734e-07, ""irregular"": 7.039349293336272e-05, ""lines"": 0.9997170567512512, ""mixed"": 0.00021204695804044604}",89.8319999978412,17.915300006279722,228.81709999637678,30.84870000020601,277.5811000028625,,not_applicable,3201.0101999912877,completed,3611.046799996984,completed
2,31,lines/lines_11.png,lines,lines,lines,True,colorwheel,0.9998757839202881,9.537096048006788e-05,0.999780412959808,"{""dots"": 6.904871270307922e-07, ""irregular"": 2.8121194191044196e-05, ""lines"": 0.9998757839202881, ""mixed"": 9.537096048006788e-05}",92.2394999943208,17.183300005854107,279.81579999323003,34.9729000008665,331.97199999995064,,not_applicable,3539.2591999989236,completed,4029.09080000245,completed
2,32,lines/lines_12.png,lines,lines,lines,True,colorwheel,0.9999990463256836,8.571490184294817e-07,0.9999981891766652,"{""dots"": 1.28227262141678e-10, ""irregular"": 9.894712604818778e-08, ""lines"": 0.9999990463256836, ""mixed"": 8.571490184294817e-07}",93.82090000144672,12.78479999746196,261.16679998813197,39.95399999257643,313.90559997817036,,not_applicable,2417.5106000038795,completed,2877.0635999972,completed
2,33,lines/lines_13.png,lines,lines,lines,True,colorwheel,0.9999980926513672,1.9343158328410937e-06,0.9999961583355343,"{""dots"": 1.7384840789169687e-10, ""irregular"": 4.753501414711536e-08, ""lines"": 0.9999980926513672, ""mixed"": 1.9343158328410937e-06}",80.26479999534786,12.759400007780641,247.86889999813866,42.52630000701174,303.15460001293104,,not_applicable,2648.9400999998907,completed,3089.853099998436,completed
2,34,lines/lines_14.png,lines,lines,lines,True,colorwheel,0.9999998807907104,1.1727701831887316e-07,0.9999997635136921,"{""dots"": 2.9647575627150813e-12, ""irregular"": 5.936803937345303e-09, ""lines"": 0.9999998807907104, ""mixed"": 1.1727701831887316e-07}",104.1516999976011,13.474099992890842,284.85969999746885,29.129999995348044,327.46379998570774,,not_applicable,2091.262600006303,completed,2564.552600000752,completed
2,35,lines/lines_15.png,lines,lines,lines,True,colorwheel,0.9979233741760254,0.0020080693066120148,0.9959153048694134,"{""dots"": 5.609328582067974e-06, ""irregular"": 6.290306919254363e-05, ""lines"": 0.9979233741760254, ""mixed"": 0.0020080693066120148}",76.15380000788718,6.921599997440353,257.4298999970779,39.14390000863932,303.49540000315756,,not_applicable,1725.3383000061149,completed,2169.8070999991614,completed
2,36,lines/lines_16.png,lines,lines,lines,True,colorwheel,0.9999986886978149,1.1758110076698358e-06,0.9999975128868073,"{""dots"": 2.7460854770677834e-11, ""irregular"": 8.718021149434207e-08, ""lines"": 0.9999986886978149, ""mixed"": 1.1758110076698358e-06}",85.32699999341276,7.84659999771975,245.4818999976851,41.622900011134334,294.9514000065392,,not_applicable,1691.7554999963613,completed,2114.2326000117464,completed
2,37,lines/lines_17.png,lines,lines,lines,True,colorwheel,0.9999960660934448,3.4265003705513664e-06,0.9999926395930743,"{""dots"": 1.7211762015634235e-09, ""irregular"": 4.4508519181363226e-07, ""lines"": 0.9999960660934448, ""mixed"": 3.4265003705513664e-06}",94.81720000621863,13.893499999539927,242.886299995007,41.938499998650514,298.71829999319743,,not_applicable,3525.3395000036107,completed,3973.092900007032,completed
2,38,lines/lines_18.png,lines,mixed,mixed,True,voronoi+colorwheel,0.6146520376205444,0.29940810799598694,0.3152439296245575,"{""dots"": 0.07176153361797333, ""irregular"": 0.014178355224430561, ""lines"": 0.29940810799598694, ""mixed"": 0.6146520376205444}",89.83609999995679,15.66050000838004,241.12430000968743,34.570999996503815,291.3558000145713,7951.419700009865,completed,3322.5405999983195,completed,11712.123300007079,completed
2,39,lines/lines_19.png,lines,lines,lines,True,colorwheel,0.9978190660476685,0.0020447017159312963,0.9957743643317372,"{""dots"": 1.8004926459980197e-05, ""irregular"": 0.0001181677944259718, ""lines"": 0.9978190660476685, ""mixed"": 0.0020447017159312963}",91.92580000672024,18.24309999938123,271.36980000068434,41.47680000460241,331.089700004668,,not_applicable,2998.163199998089,completed,3526.3930999935837,completed
2,40,lines/lines_20.png,lines,lines,lines,True,colorwheel,0.9723218083381653,0.026206746697425842,0.9461150616407394,"{""dots"": 0.00045753634185530245, ""irregular"": 0.001013937871903181, ""lines"": 0.9723218083381653, ""mixed"": 0.026206746697425842}",117.03470000065863,36.7990000086138,302.2186000016518,41.154699996695854,380.17230000696145,,not_applicable,8076.266699994449,completed,8650.81080001255,completed
2,41,mixed/Mixed_01.png,mixed,mixed,mixed,True,voronoi+colorwheel,0.539850115776062,0.2988148331642151,0.24103528261184692,"{""dots"": 0.2988148331642151, ""irregular"": 0.008159531280398369, ""lines"": 0.15317556262016296, ""mixed"": 0.539850115776062}",108.43019999447279,24.896600007195957,254.40599999274127,34.43359999801032,313.73619999794755,13439.550399998552,completed,4331.010300011258,completed,18245.085100003053,completed
2,42,mixed/Mixed_03.png,mixed,mixed,mixed,True,voronoi+colorwheel,0.5517905354499817,0.4475152790546417,0.10427525639533997,"{""dots"": 0.0005903869750909507, ""irregular"": 0.00010377099533798173, ""lines"": 0.4475152790546417, ""mixed"": 0.5517905354499817}",79.62940000288654,6.4292000024579465,259.2278000083752,40.887000010116026,306.54400002094917,2654.796599992551,completed,1371.8907000002218,completed,4466.425899998285,completed
2,43,mixed/Mixed_04.png,mixed,mixed,mixed,True,voronoi+colorwheel,0.9343376755714417,0.06198928505182266,0.872348390519619,"{""dots"": 0.0035506095737218857, ""irregular"": 0.00012245099060237408, ""lines"": 0.06198928505182266, ""mixed"": 0.9343376755714417}",78.80119999754243,7.557299992186017,266.8452000070829,40.30939999211114,314.71189999138005,6146.901500003878,completed,1301.2096000020392,completed,7894.113100002869,completed
2,44,mixed/mixed_05.png,mixed,lines,lines,True,colorwheel,0.5676323175430298,0.39179691672325134,0.17583540081977844,"{""dots"": 0.031942497938871384, ""irregular"": 0.00862830225378275, ""lines"": 0.5676323175430298, ""mixed"": 0.39179691672325134}",122.21100000897422,36.848900010227226,252.7193999994779,40.89049999311101,330.45880000281613,,not_applicable,7993.670199997723,completed,8501.828699998441,completed
2,45,mixed/mixed_06.jpeg,mixed,mixed,mixed,True,voronoi+colorwheel,0.901093065738678,0.08618628978729248,0.8149067759513855,"{""dots"": 0.08618628978729248, ""irregular"": 0.0002509199839551002, ""lines"": 0.012469688430428505, ""mixed"": 0.901093065738678}",97.04659999988507,21.31050000025425,243.07940001017414,42.077700010850094,306.4676000212785,27011.31620000524,completed,10240.192199999,completed,37705.7005000097,completed
2,46,mixed/mixed_07.png,mixed,lines,lines,True,colorwheel,0.6404964327812195,0.3308451175689697,0.30965131521224976,"{""dots"": 0.021233944222331047, ""irregular"": 0.007424526382237673, ""lines"": 0.6404964327812195, ""mixed"": 0.3308451175689697}",108.93679999571759,35.95340000174474,248.2748000038555,40.53610000119079,324.764300006791,,not_applicable,7867.373600005521,completed,8420.126700002584,completed
2,47,mixed/mixed_08.jpeg,mixed,mixed,mixed,True,voronoi+colorwheel,0.8115888833999634,0.18279123306274414,0.6287976503372192,"{""dots"": 0.005352301988750696, ""irregular"": 0.0002675737196113914, ""lines"": 0.18279123306274414, ""mixed"": 0.8115888833999634}",89.82399999513291,16.514200004166923,247.01910000294447,37.83800000383053,301.3713000109419,17580.185800004983,completed,6207.14240000234,completed,24241.79909999657,completed
2,48,mixed/mixed_09.png,mixed,mixed,mixed,True,voronoi+colorwheel,0.9798629879951477,0.014840497635304928,0.9650224903598428,"{""dots"": 0.005252075847238302, ""irregular"": 4.446204184205271e-05, ""lines"": 0.014840497635304928, ""mixed"": 0.9798629879951477}",105.85619999619666,22.739100008038804,290.03170000214595,36.33050000644289,349.10130001662765,12172.870100010186,completed,3995.958600004087,completed,16697.35590000346,completed
2,49,mixed/mixed_10.png,mixed,mixed,mixed,True,voronoi+colorwheel,0.9174965620040894,0.07876706123352051,0.8387295007705688,"{""dots"": 0.0036496655084192753, ""irregular"": 8.664061897434294e-05, ""lines"": 0.07876706123352051, ""mixed"": 0.9174965620040894}",91.11900000425521,19.383499995456077,272.8633999940939,33.528100000694394,325.7749999902444,9557.291200006148,completed,3816.8374999950174,completed,13878.817199991317,completed
2,50,mixed/mixed_11.png,mixed,mixed,mixed,True,voronoi+colorwheel,0.9750034809112549,0.019023146480321884,0.955980334430933,"{""dots"": 0.005911191459745169, ""irregular"": 6.222633237484843e-05, ""lines"": 0.019023146480321884, ""mixed"": 0.9750034809112549}",100.8733999915421,23.261499998625368,248.40169999515638,34.878399994340725,306.54159998812247,14501.929800011567,completed,4555.8750000054715,completed,19507.78139999602,completed
3,1,dots/dot_01.png,dots,dots,dots,True,voronoi,0.9996912479400635,0.0002890542964451015,0.9994021936436184,"{""dots"": 0.9996912479400635, ""irregular"": 2.2147915501591342e-08, ""lines"": 1.962019996426534e-05, ""mixed"": 0.0002890542964451015}",96.60740000254009,25.557500004651956,249.89809999533463,38.74869999708608,314.20429999707267,14864.987300010398,completed,,not_applicable,15452.391099999659,completed
3,2,dots/dots_02.png,dots,dots,dots,True,voronoi,0.781582236289978,0.21557390689849854,0.5660083293914795,"{""dots"": 0.781582236289978, ""irregular"": 0.00014615975669585168, ""lines"": 0.0026976983062922955, ""mixed"": 0.21557390689849854}",93.41730001324322,34.8255999997491,206.48680000158492,40.1144000061322,281.4268000074662,21187.208899995312,completed,,not_applicable,21614.164300000994,completed
3,3,dots/dots_03.png,dots,dots,dots,True,voronoi,0.9978141784667969,0.0020043705590069294,0.99580980790779,"{""dots"": 0.9978141784667969, ""irregular"": 6.93028141540708e-07, ""lines"": 0.0001806638902053237, ""mixed"": 0.0020043705590069294}",89.09579999453854,36.89909999957308,209.18530000199098,38.46440000052098,284.54880000208504,17771.49330000975,completed,,not_applicable,18199.02960000036,completed
3,4,dots/dots_04.png,dots,dots,dots,True,voronoi,0.9998832941055298,0.00011656932474579662,0.999766724780784,"{""dots"": 0.9998832941055298, ""irregular"": 4.5370104895248176e-10, ""lines"": 1.0134427697039428e-07, ""mixed"": 0.00011656932474579662}",82.07970000512432,21.496699991985224,209.95840000978205,33.19640000700019,264.65150000876747,11294.014900006005,completed,,not_applicable,11682.936400000472,completed
3,5,dots/dots_05.png,dots,dots,dots,True,voronoi,0.699499249458313,0.24485456943511963,0.45464468002319336,"{""dots"": 0.699499249458313, ""irregular"": 0.009401495568454266, ""lines"": 0.04624461382627487, ""mixed"": 0.24485456943511963}",84.2214000003878,29.80859999661334,202.22880000073928,33.890300008351915,265.92770000570454,15999.440600004164,completed,,not_applicable,16397.148200005176,completed
3,6,dots/dots_06.png,dots,dots,dots,True,voronoi,0.9997362494468689,0.000263143825577572,0.9994731056212913,"{""dots"": 0.9997362494468689, ""irregular"": 5.144825898639738e-09, ""lines"": 6.414867925741419e-07, ""mixed"": 0.000263143825577572}",78.77880000160076,25.028899995959364,204.9336000054609,38.88799999549519,268.85049999691546,13954.486400005408,completed,,not_applicable,14360.355099997832,completed
3,7,dots/dots_07.png,dots,dots,dots,True,voronoi,0.7031892538070679,0.2764197289943695,0.42676952481269836,"{""dots"": 0.7031892538070679, ""irregular"": 4.4439846533350646e-05, ""lines"": 0.2764197289943695, ""mixed"": 0.020346658304333687}",79.94009999674745,27.711999995517544,207.51749999180902,37.49269999389071,272.7221999812173,14901.8434999889,completed,,not_applicable,15311.92849999934,completed
3,8,dots/dots_08.png,dots,dots,dots,True,voronoi,0.9980535507202148,0.001840423559769988,0.9962131271604449,"{""dots"": 0.9980535507202148, ""irregular"": 8.870853207554319e-07, ""lines"": 0.00010515649773878977, ""mixed"": 0.001840423559769988}",86.7866999906255,31.105900008697063,206.27520000562072,37.841700002900325,275.2228000172181,14800.295599998208,completed,,not_applicable,15259.912499997881,completed
3,9,dots/dots_09.png,dots,dots,dots,True,voronoi,0.9993627667427063,0.0006165117374621332,0.9987462550052442,"{""dots"": 0.9993627667427063, ""irregular"": 9.284029545142403e-08, ""lines"": 2.0589683117577806e-05, ""mixed"": 0.0006165117374621332}",78.01830000244081,28.855900003691204,208.04200001293793,35.37729999516159,272.27520001179073,17904.729200003203,completed,,not_applicable,18299.029500005418,completed
3,10,dots/dots_10.png,dots,dots,dots,True,voronoi,0.9971987009048462,0.0025667198933660984,0.9946319810114801,"{""dots"": 0.9971987009048462, ""irregular"": 1.1796025773946894e-06, ""lines"": 0.0002332988806301728, ""mixed"": 0.0025667198933660984}",86.58280000963714,19.95270000770688,204.99999998719431,34.715999994659796,259.668699989561,14247.351900005015,completed,,not_applicable,14662.871799999266,completed
3,11,dots/dots_11.png,dots,dots,dots,True,voronoi,0.9937454462051392,0.005247075576335192,0.988498370628804,"{""dots"": 0.9937454462051392, ""irregular"": 2.934233862106339e-06, ""lines"": 0.0010044410591945052, ""mixed"": 0.005247075576335192}",79.19129999936558,20.449299991014414,208.23340000060853,35.35499999998137,264.0376999916043,11096.421199996257,completed,,not_applicable,11522.107600001618,completed
3,12,dots/dots_13.png,dots,dots,dots,True,voronoi,0.6638205647468567,0.3262738883495331,0.3375466763973236,"{""dots"": 0.6638205647468567, ""irregular"": 0.0005783921224065125, ""lines"": 0.009327181614935398, ""mixed"": 0.3262738883495331}",79.1802000021562,15.66340000135824,202.48520000313874,31.364599999506027,249.513200004003,8529.831499996362,completed,,not_applicable,8942.514100010158,completed
3,13,dots/dots_14.png,dots,dots,dots,True,voronoi,0.6761580109596252,0.23151111602783203,0.4446468949317932,"{""dots"": 0.6761580109596252, ""irregular"": 0.0007573249167762697, ""lines"": 0.23151111602783203, ""mixed"": 0.09157359600067139}",74.23850000486709,13.798499989206903,210.2417999994941,32.775300001958385,256.8155999906594,8858.12530000112,completed,,not_applicable,9230.647000003955,completed
3,14,irregular/irregular_01.png,irregular,irregular,irregular,True,none,0.6082426905632019,0.3912239670753479,0.217018723487854,"{""dots"": 4.224978692946024e-05, ""irregular"": 0.6082426905632019, ""lines"": 0.3912239670753479, ""mixed"": 0.0004910905263386667}",70.0180999992881,14.850199993816204,203.47239999682643,33.50540000246838,251.827999993111,,not_applicable,,not_applicable,388.8619000063045,completed
3,15,irregular/irregular_02.png,irregular,irregular,irregular,True,none,0.8662452101707458,0.13373732566833496,0.7325078845024109,"{""dots"": 1.0919901569650392e-06, ""irregular"": 0.8662452101707458, ""lines"": 0.13373732566833496, ""mixed"": 1.636454362596851e-05}",59.22609999834094,6.555100000696257,208.75240000896156,39.07440000330098,254.3819000129588,,not_applicable,,not_applicable,359.3576999992365,completed
3,16,irregular/irregular_03.png,irregular,irregular,irregular,True,none,0.9443580508232117,0.05563636124134064,0.888721689581871,"{""dots"": 6.285191034294257e-07, ""irregular"": 0.9443580508232117, ""lines"": 0.05563636124134064, ""mixed"": 4.943454769090749e-06}",64.93619999673683,9.610799999791197,212.15570000640582,30.685499994433485,252.4520000006305,,not_applicable,,not_applicable,363.0191999982344,completed
3,17,irregular/irregular_04.png,irregular,irregular,irregular,True,none,0.8417518734931946,0.158198282122612,0.6835535913705826,"{""dots"": 4.720599463325925e-06, ""irregular"": 0.8417518734931946, ""lines"": 0.158198282122612, ""mixed"": 4.511424413067289e-05}",57.562500005587935,6.589900003746152,200.26909999432974,39.88089998892974,246.73989998700563,,not_applicable,,not_applicable,353.7840000062715,completed
3,18,irregular/irregular_05.png,irregular,irregular,irregular,True,none,0.6816096901893616,0.3181155323982239,0.3634941577911377,"{""dots"": 2.1686506443074904e-05, ""irregular"": 0.6816096901893616, ""lines"": 0.3181155323982239, ""mixed"": 0.0002530683414079249}",66.3541000103578,7.893699992564507,198.28599999891594,30.887500004610047,237.0671999960905,,not_applicable,,not_applicable,350.19280000415165,completed
3,19,irregular/irregular_06.jpeg,irregular,lines,lines,True,colorwheel,0.5373424887657166,0.4625939428806305,0.07474854588508606,"{""dots"": 2.4790388124529272e-06, ""irregular"": 0.4625939428806305, ""lines"": 0.5373424887657166, ""mixed"": 6.108225352363661e-05}",77.34519999939948,22.972300008405,207.2693999944022,42.1510999876773,272.3927999904845,,not_applicable,9205.847100005485,completed,9601.961400010623,completed
3,20,irregular/irregular_07.png,irregular,irregular,irregular,True,none,0.9995558857917786,0.00044407101813703775,0.9991118147736415,"{""dots"": 3.168866904990075e-11, ""irregular"": 0.9995558857917786, ""lines"": 0.00044407101813703775, ""mixed"": 4.52845191900586e-11}",113.43700000725221,42.1001999930013,247.86020000465214,37.20659999817144,327.1669999958249,,not_applicable,,not_applicable,540.6616999971448,completed
3,21,lines/lines_01.png,lines,irregular,irregular,True,none,0.9999997615814209,1.840422072518777e-07,0.9999995775392136,"{""dots"": 5.4302481537640243e-17, ""irregular"": 0.9999997615814209, ""lines"": 1.840422072518777e-07, ""mixed"": 4.564135789372821e-17}",95.65190000284929,26.589200002490543,250.87629999325145,34.595599994645454,312.06109999038745,,not_applicable,,not_applicable,461.55259999795817,completed
3,22,lines/lines_02.png,lines,lines,lines,True,colorwheel,0.9999152421951294,8.30967619549483e-05,0.9998321454331744,"{""dots"": 3.138779192113361e-08, ""irregular"": 1.6599954051343957e-06, ""lines"": 0.9999152421951294, ""mixed"": 8.30967619549483e-05}",112.26130000432022,34.95400000247173,248.95800001104362,38.49530000297818,322.40730001649354,,not_applicable,7234.838600008516,completed,7712.27020000515,completed
3,23,lines/lines_03.png,lines,lines,lines,True,colorwheel,0.9999998807907104,7.275939850615032e-08,0.9999998080313119,"{""dots"": 7.65965069149388e-12, ""irregular"": 5.579859063686854e-08, ""lines"": 0.9999998807907104, ""mixed"": 7.275939850615032e-08}",109.57660000713076,22.90019999782089,262.03840000380296,33.23989998898469,318.17849999060854,,not_applicable,3860.826400006772,completed,4330.592700003763,completed
3,24,lines/lines_04.png,lines,lines,lines,True,colorwheel,0.9993066787719727,0.0006576110608875751,0.9986490677110851,"{""dots"": 1.7304993207289954e-06, ""irregular"": 3.395196472411044e-05, ""lines"": 0.9993066787719727, ""mixed"": 0.0006576110608875751}",110.31180000281893,24.0302000020165,253.94589999632444,34.66189999016933,312.6379999885103,,not_applicable,4884.2078000016045,completed,5372.992399992654,completed
3,25,lines/lines_05.png,lines,lines,lines,True,colorwheel,0.9995525479316711,0.0004434387374203652,0.9991091091942508,"{""dots"": 1.862530041307764e-07, ""irregular"": 3.886867489200085e-06, ""lines"": 0.9995525479316711, ""mixed"": 0.0004434387374203652}",100.13209999306127,15.695800000685267,248.26930000563152,33.99860000354238,297.96370000985917,,not_applicable,3354.502100002719,completed,3820.782099995995,completed
3,26,lines/lines_06.png,lines,lines,lines,True,colorwheel,0.9918842315673828,0.007957489229738712,0.9839267423376441,"{""dots"": 3.493381882435642e-05, ""irregular"": 0.00012337983935140073, ""lines"": 0.9918842315673828, ""mixed"": 0.007957489229738712}",109.11780000606086,23.288700002012774,250.73249998968095,36.1817999946652,310.2029999863589,,not_applicable,4338.932400001795,completed,4822.251799996593,completed
3,27,lines/lines_07.png,lines,lines,lines,True,colorwheel,0.985153317451477,0.007171405479311943,0.9779819119721651,"{""dots"": 0.006517411209642887, ""irregular"": 0.0011578128905966878, ""lines"": 0.985153317451477, ""mixed"": 0.007171405479311943}",98.70680001040455,22.082299998146482,301.95749999256805,41.94860000279732,365.98839999351185,,not_applicable,3982.232700000168,completed,4500.979500007816,completed
3,28,lines/lines_08.png,lines,lines,lines,True,colorwheel,0.9986419081687927,0.0010799020528793335,0.9975620061159134,"{""dots"": 9.876945841824636e-05, ""irregular"": 0.00017944567662198097, ""lines"": 0.9986419081687927, ""mixed"": 0.0010799020528793335}",104.60340000281576,17.956600000616163,244.0227000042796,33.884299991768785,295.86359999666456,,not_applicable,4367.019200013601,completed,4854.826199996751,completed
3,29,lines/lines_09.png,lines,lines,lines,True,colorwheel,0.7682480216026306,0.22215767204761505,0.5460903495550156,"{""dots"": 0.0031455447897315025, ""irregular"": 0.006448722444474697, ""lines"": 0.7682480216026306, ""mixed"": 0.22215767204761505}",101.16500000003725,22.26620000146795,273.3376000105636,34.89080000144895,330.4946000134805,,not_applicable,4223.477100007585,completed,4720.168400002876,completed
3,30,lines/lines_10.png,lines,lines,lines,True,colorwheel,0.9997170567512512,0.00021204695804044604,0.9995050097932108,"{""dots"": 4.851916628467734e-07, ""irregular"": 7.039349293336272e-05, ""lines"": 0.9997170567512512, ""mixed"": 0.00021204695804044604}",99.3540000054054,14.762300008442253,239.7220999991987,33.128499999293126,287.61290000693407,,not_applicable,3050.845500009018,completed,3504.160200012848,completed
3,31,lines/lines_11.png,lines,lines,lines,True,colorwheel,0.9998757839202881,9.537096048006788e-05,0.999780412959808,"{""dots"": 6.904871270307922e-07, ""irregular"": 2.8121194191044196e-05, ""lines"": 0.9998757839202881, ""mixed"": 9.537096048006788e-05}",93.06970000034198,17.64720000210218,255.60779999068473,34.359700002823956,307.61469999561086,,not_applicable,3369.0262000018265,completed,3825.180600004387,completed
3,32,lines/lines_12.png,lines,lines,lines,True,colorwheel,0.9999990463256836,8.571490184294817e-07,0.9999981891766652,"{""dots"": 1.28227262141678e-10, ""irregular"": 9.894712604818778e-08, ""lines"": 0.9999990463256836, ""mixed"": 8.571490184294817e-07}",88.20790000027046,8.654599994770251,272.2572999919066,40.4467000043951,321.35859999107197,,not_applicable,2621.3389999902574,completed,3130.8859000127995,completed
3,33,lines/lines_13.png,lines,lines,lines,True,colorwheel,0.9999980926513672,1.9343158328410937e-06,0.9999961583355343,"{""dots"": 1.7384840789169687e-10, ""irregular"": 4.753501414711536e-08, ""lines"": 0.9999980926513672, ""mixed"": 1.9343158328410937e-06}",93.76879999763332,14.220999990357086,241.11469999479596,42.19930000544991,297.53499999060296,,not_applicable,2717.142400011653,completed,3194.5700000069337,completed
3,34,lines/lines_14.png,lines,lines,lines,True,colorwheel,0.9999998807907104,1.1727701831887316e-07,0.9999997635136921,"{""dots"": 2.9647575627150813e-12, ""irregular"": 5.936803937345303e-09, ""lines"": 0.9999998807907104, ""mixed"": 1.1727701831887316e-07}",99.03949999716133,11.8705999921076,238.09250000340398,28.058199997758493,278.0212999932701,,not_applicable,2044.0655999991577,completed,2499.312599989935,completed
3,35,lines/lines_15.png,lines,lines,lines,True,colorwheel,0.9979233741760254,0.0020080693066120148,0.9959153048694134,"{""dots"": 5.609328582067974e-06, ""irregular"": 6.290306919254363e-05, ""lines"": 0.9979233741760254, ""mixed"": 0.0020080693066120148}",84.92259999911766,8.044000001973473,279.4971999974223,39.9184999987483,327.45969999814406,,not_applicable,1528.1649999960791,completed,2039.0392999979667,completed
3,36,lines/lines_16.png,lines,lines,lines,True,colorwheel,0.9999986886978149,1.1758110076698358e-06,0.9999975128868073,"{""dots"": 2.7460854770677834e-11, ""irregular"": 8.718021149434207e-08, ""lines"": 0.9999986886978149, ""mixed"": 1.1758110076698358e-06}",90.82630000193603,6.901800006744452,273.22379998804536,43.370300001697615,323.4958999964874,,not_applicable,1568.1274000089616,completed,2141.0968999989564,completed
3,37,lines/lines_17.png,lines,lines,lines,True,colorwheel,0.9999960660934448,3.4265003705513664e-06,0.9999926395930743,"{""dots"": 1.7211762015634235e-09, ""irregular"": 4.4508519181363226e-07, ""lines"": 0.9999960660934448, ""mixed"": 3.4265003705513664e-06}",100.74870000244118,14.86799999838695,250.34339999547228,45.39929999737069,310.6106999912299,,not_applicable,3752.2778999991715,completed,4250.785199998063,completed
3,38,lines/lines_18.png,lines,mixed,mixed,True,voronoi+colorwheel,0.6146520376205444,0.29940810799598694,0.3152439296245575,"{""dots"": 0.07176153361797333, ""irregular"": 0.014178355224430561, ""lines"": 0.29940810799598694, ""mixed"": 0.6146520376205444}",101.77700000349432,15.761300004669465,248.6571999907028,34.06350000295788,298.48199999833014,7819.872899999609,completed,3014.250299995183,completed,11320.462600007886,completed
3,39,lines/lines_19.png,lines,lines,lines,True,colorwheel,0.9978190660476685,0.0020447017159312963,0.9957743643317372,"{""dots"": 1.8004926459980197e-05, ""irregular"": 0.0001181677944259718, ""lines"": 0.9978190660476685, ""mixed"": 0.0020447017159312963}",87.13029998762067,15.643599996110424,235.24239999824204,40.46150000067428,291.34749999502674,,not_applicable,2466.556200000923,completed,2909.5613999961643,completed
3,40,lines/lines_20.png,lines,lines,lines,True,colorwheel,0.9723218083381653,0.026206746697425842,0.9461150616407394,"{""dots"": 0.00045753634185530245, ""irregular"": 0.001013937871903181, ""lines"": 0.9723218083381653, ""mixed"": 0.026206746697425842}",83.2455000054324,29.44710000883788,217.5239999924088,39.271500005270354,286.242600006517,,not_applicable,7632.286699998076,completed,8052.5426999956835,completed
3,41,mixed/Mixed_01.png,mixed,mixed,mixed,True,voronoi+colorwheel,0.539850115776062,0.2988148331642151,0.24103528261184692,"{""dots"": 0.2988148331642151, ""irregular"": 0.008159531280398369, ""lines"": 0.15317556262016296, ""mixed"": 0.539850115776062}",97.04179999243934,22.460200008936226,244.91340000531636,33.25659999973141,300.630200013984,13679.814600007376,completed,4284.934700001031,completed,18440.03939999675,completed
3,42,mixed/Mixed_03.png,mixed,mixed,mixed,True,voronoi+colorwheel,0.5517905354499817,0.4475152790546417,0.10427525639533997,"{""dots"": 0.0005903869750909507, ""irregular"": 0.00010377099533798173, ""lines"": 0.4475152790546417, ""mixed"": 0.5517905354499817}",70.45790000120178,4.029499992611818,223.03809999721125,39.66420001233928,266.73180000216234,2623.4623000054853,completed,1175.2025000023423,completed,4203.123200000846,completed
3,43,mixed/Mixed_04.png,mixed,mixed,mixed,True,voronoi+colorwheel,0.9343376755714417,0.06198928505182266,0.872348390519619,"{""dots"": 0.0035506095737218857, ""irregular"": 0.00012245099060237408, ""lines"": 0.06198928505182266, ""mixed"": 0.9343376755714417}",84.43940000142902,6.643800006713718,266.9820000010077,39.8397999961162,313.4656000038376,6242.164199997205,completed,1339.4098999997368,completed,8045.330000008107,completed
3,44,mixed/mixed_05.png,mixed,lines,lines,True,colorwheel,0.5676323175430298,0.39179691672325134,0.17583540081977844,"{""dots"": 0.031942497938871384, ""irregular"": 0.00862830225378275, ""lines"": 0.5676323175430298, ""mixed"": 0.39179691672325134}",114.17169999913312,34.72189999592956,240.99390000628773,41.948699989006855,317.66449999122415,,not_applicable,7788.247200005571,completed,8295.962400006829,completed
3,45,mixed/mixed_06.jpeg,mixed,mixed,mixed,True,voronoi+colorwheel,0.901093065738678,0.08618628978729248,0.8149067759513855,"{""dots"": 0.08618628978729248, ""irregular"": 0.0002509199839551002, ""lines"": 0.012469688430428505, ""mixed"": 0.901093065738678}",108.96699999284465,27.28140000544954,264.07439999456983,44.253100000787526,335.6089000008069,26969.49709999899,completed,10374.036699999124,completed,37839.910199996666,completed
3,46,mixed/mixed_07.png,mixed,lines,lines,True,colorwheel,0.6404964327812195,0.3308451175689697,0.30965131521224976,"{""dots"": 0.021233944222331047, ""irregular"": 0.007424526382237673, ""lines"": 0.6404964327812195, ""mixed"": 0.3308451175689697}",122.83159999060445,39.30220000620466,268.02519999910146,42.90850000688806,350.2359000121942,,not_applicable,8032.107099992572,completed,8608.67380000127,completed
3,47,mixed/mixed_08.jpeg,mixed,mixed,mixed,True,voronoi+colorwheel,0.8115888833999634,0.18279123306274414,0.6287976503372192,"{""dots"": 0.005352301988750696, ""irregular"": 0.0002675737196113914, ""lines"": 0.18279123306274414, ""mixed"": 0.8115888833999634}",97.99270000075921,15.790600009495392,252.1130999957677,37.535099996603094,305.4388000018662,17675.010799997835,completed,6283.222099998966,completed,24424.56420000235,completed
3,48,mixed/mixed_09.png,mixed,mixed,mixed,True,voronoi+colorwheel,0.9798629879951477,0.014840497635304928,0.9650224903598428,"{""dots"": 0.005252075847238302, ""irregular"": 4.446204184205271e-05, ""lines"": 0.014840497635304928, ""mixed"": 0.9798629879951477}",95.57679999852553,19.530799996573478,251.3656999944942,33.82299999066163,304.7194999817293,12507.3529999936,completed,4312.635999987833,completed,17273.975300005986,completed
3,49,mixed/mixed_10.png,mixed,mixed,mixed,True,voronoi+colorwheel,0.9174965620040894,0.07876706123352051,0.8387295007705688,"{""dots"": 0.0036496655084192753, ""irregular"": 8.664061897434294e-05, ""lines"": 0.07876706123352051, ""mixed"": 0.9174965620040894}",105.05699999339413,18.073900006129406,253.61820000398438,32.90599999309052,304.5981000032043,9393.048199999612,completed,3633.9166999969166,completed,13487.453800000367,completed
3,50,mixed/mixed_11.png,mixed,mixed,mixed,True,voronoi+colorwheel,0.9750034809112549,0.019023146480321884,0.955980334430933,"{""dots"": 0.005911191459745169, ""irregular"": 6.222633237484843e-05, ""lines"": 0.019023146480321884, ""mixed"": 0.9750034809112549}",115.32159999478608,20.743300003232434,247.1058999944944,33.978399995248765,301.8275999929756,14418.661200004863,completed,4196.2590999901295,completed,19085.841499996604,completed
