relative_path,class_label,image_sha256,repeat,device,cnn_total_ms,unet_preprocess_ms,unet_inference_ms,unet_save_ms,unet_total_ms,pipeline_total_ms,predicted_class,confidence
dots/dot_01.png,dots,b98bb0387e4fe04de24e87cc56ac6b64b457afcfad0a77be308a549fa016f8dc,1,cpu,81.44400000128371,25.985899999795947,191.21760000052745,83.37389999906009,300.5773999993835,382.15669999954116,dots,0.9996912479400635
dots/dot_01.png,dots,b98bb0387e4fe04de24e87cc56ac6b64b457afcfad0a77be308a549fa016f8dc,2,cpu,71.77690000025905,21.536599999308237,217.91449999909673,36.86150000066846,276.3125999990734,348.15229999912845,dots,0.9996912479400635
dots/dot_01.png,dots,b98bb0387e4fe04de24e87cc56ac6b64b457afcfad0a77be308a549fa016f8dc,3,cpu,71.8012000015733,22.376899998562294,197.5984000000608,39.03139999965788,259.00669999828096,330.8556000010867,dots,0.9996912479400635
dots/dot_01.png,dots,b98bb0387e4fe04de24e87cc56ac6b64b457afcfad0a77be308a549fa016f8dc,4,cpu,72.56520000009914,22.522299999764073,199.5545999998285,35.797599999568774,257.87449999916134,330.48710000002757,dots,0.9996912479400635
dots/dot_01.png,dots,b98bb0387e4fe04de24e87cc56ac6b64b457afcfad0a77be308a549fa016f8dc,5,cpu,74.0920999996888,22.77239999966696,198.3808000004501,35.01480000159063,256.1680000017077,330.3077000000485,dots,0.9996912479400635
dots/dots_02.png,dots,c6ce69504c9a3cf44d1fa7d023bbfbb7744bb5768718bd13dc963b63f8e139bb,1,cpu,81.75639999899431,28.029199998854892,197.33679999990272,32.1858000006614,257.551799999419,339.369400000578,dots,0.781582236289978
dots/dots_02.png,dots,c6ce69504c9a3cf44d1fa7d023bbfbb7744bb5768718bd13dc963b63f8e139bb,2,cpu,82.31490000071062,30.353000000104657,199.33669999954873,33.73999999894295,263.42969999859633,345.80349999851023,dots,0.781582236289978
dots/dots_02.png,dots,c6ce69504c9a3cf44d1fa7d023bbfbb7744bb5768718bd13dc963b63f8e139bb,3,cpu,78.85070000156702,31.493600001340383,204.2676000000938,34.33969999969122,270.1009000011254,349.0089999995689,dots,0.781582236289978
dots/dots_02.png,dots,c6ce69504c9a3cf44d1fa7d023bbfbb7744bb5768718bd13dc963b63f8e139bb,4,cpu,77.91110000107437,29.24410000014177,195.29289999991306,34.32090000023891,258.85790000029374,336.8267999994714,dots,0.781582236289978
dots/dots_02.png,dots,c6ce69504c9a3cf44d1fa7d023bbfbb7744bb5768718bd13dc963b63f8e139bb,5,cpu,77.68389999910141,27.472399999169284,197.8220999990299,33.802600000854,259.09709999905317,336.84010000069975,dots,0.781582236289978
dots/dots_03.png,dots,d63b348ee97b04459318f018e406d6748832d0d13293317abd394ee3c4817688,1,cpu,140.82950000010896,32.778300001155,192.77060000058555,36.58290000021225,262.1318000019528,403.0201000005036,dots,0.9978141784667969
dots/dots_03.png,dots,d63b348ee97b04459318f018e406d6748832d0d13293317abd394ee3c4817688,2,cpu,82.31079999859503,32.61059999931604,214.62909999900148,36.95720000177971,284.19690000009723,366.58040000111214,dots,0.9978141784667969
dots/dots_03.png,dots,d63b348ee97b04459318f018e406d6748832d0d13293317abd394ee3c4817688,3,cpu,87.90530000078434,30.418199999985518,199.57369999974617,36.30469999916386,266.29659999889554,354.278400000112,dots,0.9978141784667969
dots/dots_03.png,dots,d63b348ee97b04459318f018e406d6748832d0d13293317abd394ee3c4817688,4,cpu,81.2698999998247,31.069700000443845,201.2161999991804,43.8386999994691,276.12459999909333,357.48729999977513,dots,0.9978141784667969
dots/dots_03.png,dots,d63b348ee97b04459318f018e406d6748832d0d13293317abd394ee3c4817688,5,cpu,87.8327000009449,36.349100000734325,198.6111999995046,37.95739999986836,272.9177000001073,360.8129000003828,dots,0.9978141784667969
dots/dots_04.png,dots,600209129b6a7d1752869662e249c3180a774d19f11ba5159c83462be354ae3e,1,cpu,109.96850000083214,15.63470000110101,202.4117999990267,33.36929999932181,251.41579999944952,361.48529999991297,dots,0.9998832941055298
dots/dots_04.png,dots,600209129b6a7d1752869662e249c3180a774d19f11ba5159c83462be354ae3e,2,cpu,66.40439999864611,15.908800000033807,191.36369999978342,32.55890000036743,239.83140000018466,306.2981999992189,dots,0.9998832941055298
dots/dots_04.png,dots,600209129b6a7d1752869662e249c3180a774d19f11ba5159c83462be354ae3e,3,cpu,68.55220000034024,15.971200000421959,198.090100000627,33.1268000009004,247.18810000194935,315.785999999207,dots,0.9998832941055298
dots/dots_04.png,dots,600209129b6a7d1752869662e249c3180a774d19f11ba5159c83462be354ae3e,4,cpu,67.13430000127119,17.743599999448634,198.64720000077796,32.42390000013984,248.81470000036643,316.0196000008,dots,0.9998832941055298
dots/dots_04.png,dots,600209129b6a7d1752869662e249c3180a774d19f11ba5159c83462be354ae3e,5,cpu,64.3623000014486,15.512100000705686,197.41760000033537,32.37050000097952,245.30020000202057,309.767800001282,dots,0.9998832941055298
dots/dots_05.png,dots,0f3a2068e5ed6234849c23a3c0cddff64eb3af18fa6894eff81e87b5838675fe,1,cpu,110.1022999991983,20.278799998777686,196.87169999997423,34.13659999932861,251.28709999808052,361.4506000012625,dots,0.699499249458313
dots/dots_05.png,dots,0f3a2068e5ed6234849c23a3c0cddff64eb3af18fa6894eff81e87b5838675fe,2,cpu,72.40920000003825,21.588100000371924,194.54079999923124,32.36819999983709,248.49709999944025,320.96650000130467,dots,0.699499249458313
dots/dots_05.png,dots,0f3a2068e5ed6234849c23a3c0cddff64eb3af18fa6894eff81e87b5838675fe,3,cpu,70.15660000070056,20.43479999883857,194.18640000003506,33.57450000112294,248.19569999999658,318.43640000079176,dots,0.699499249458313
dots/dots_05.png,dots,0f3a2068e5ed6234849c23a3c0cddff64eb3af18fa6894eff81e87b5838675fe,4,cpu,78.15539999864995,24.35949999926379,230.8945999993739,35.908799998651375,291.16289999728906,369.38779999945837,dots,0.699499249458313
dots/dots_05.png,dots,0f3a2068e5ed6234849c23a3c0cddff64eb3af18fa6894eff81e87b5838675fe,5,cpu,91.60110000084387,26.371599999038153,195.854399999007,32.77650000018184,255.002499998227,346.6716999992059,dots,0.699499249458313
dots/dots_06.png,dots,32ec6c712cb72576ef26fe249f19d7f696e0754f78c4a6b6b587082577d563d2,1,cpu,115.43729999903007,19.01969999926223,212.92019999964396,34.25009999955364,266.1899999984598,381.69269999889366,dots,0.9997362494468689
dots/dots_06.png,dots,32ec6c712cb72576ef26fe249f19d7f696e0754f78c4a6b6b587082577d563d2,2,cpu,67.64369999837072,20.71059999980207,198.63230000009935,32.79320000001462,252.13609999991604,319.84019999981683,dots,0.9997362494468689
dots/dots_06.png,dots,32ec6c712cb72576ef26fe249f19d7f696e0754f78c4a6b6b587082577d563d2,3,cpu,68.18529999873135,18.80130000063218,199.0736999996443,33.571199999641976,251.44619999991846,319.6852000000945,dots,0.9997362494468689
dots/dots_06.png,dots,32ec6c712cb72576ef26fe249f19d7f696e0754f78c4a6b6b587082577d563d2,4,cpu,69.41169999845442,19.241199999669334,196.51989999874786,33.97229999973206,249.73339999814925,319.20139999965613,dots,0.9997362494468689
dots/dots_06.png,dots,32ec6c712cb72576ef26fe249f19d7f696e0754f78c4a6b6b587082577d563d2,5,cpu,69.32979999874078,18.863299999793526,192.95830000010028,33.11260000009497,244.93419999998878,314.32349999886355,dots,0.9997362494468689
dots/dots_07.png,dots,04bdae8ae6131228a33bc8d0c97a2aa015b6dd567e11ff34050148fb83167b8e,1,cpu,118.5248000001593,21.2547999999515,192.5654000006034,36.41559999960009,250.235800000155,368.8385000004928,dots,0.7031892538070679
dots/dots_07.png,dots,04bdae8ae6131228a33bc8d0c97a2aa015b6dd567e11ff34050148fb83167b8e,2,cpu,76.58289999926637,23.966400000063004,197.17990000026475,38.26829999889014,259.4145999992179,336.0611999996763,dots,0.7031892538070679
dots/dots_07.png,dots,04bdae8ae6131228a33bc8d0c97a2aa015b6dd567e11ff34050148fb83167b8e,3,cpu,73.59700000051816,22.983900000326685,195.81540000035602,37.243999999191146,256.04329999987385,329.70190000014554,dots,0.7031892538070679
dots/dots_07.png,dots,04bdae8ae6131228a33bc8d0c97a2aa015b6dd567e11ff34050148fb83167b8e,4,cpu,72.98459999947227,25.879400000121677,194.335800000772,36.11369999998715,256.3289000008808,329.37719999972614,dots,0.7031892538070679
dots/dots_07.png,dots,04bdae8ae6131228a33bc8d0c97a2aa015b6dd567e11ff34050148fb83167b8e,5,cpu,74.06100000116567,22.186000000147033,204.6061999990343,37.24759999931848,264.0397999984998,338.15040000081353,dots,0.7031892538070679
dots/dots_08.png,dots,686ecc072c1363094b3045177613e282cbeec0e0a950ffd8feed8daacc836883,1,cpu,132.70310000007157,29.003800000282354,196.996599999693,36.501200000202516,262.50160000017786,395.26759999898786,dots,0.9980535507202148
dots/dots_08.png,dots,686ecc072c1363094b3045177613e282cbeec0e0a950ffd8feed8daacc836883,2,cpu,74.80389999909676,25.81819999977597,197.07880000169098,37.210500000583124,260.1075000020501,334.97650000026624,dots,0.9980535507202148
dots/dots_08.png,dots,686ecc072c1363094b3045177613e282cbeec0e0a950ffd8feed8daacc836883,3,cpu,76.12599999993108,27.26280000024417,184.74910000077216,36.484599999312195,248.49650000032852,324.68189999963215,dots,0.9980535507202148
dots/dots_08.png,dots,686ecc072c1363094b3045177613e282cbeec0e0a950ffd8feed8daacc836883,4,cpu,78.96990000153892,27.340999999069027,197.31979999960458,37.69860000102199,262.3593999996956,341.39110000069195,dots,0.9980535507202148
dots/dots_08.png,dots,686ecc072c1363094b3045177613e282cbeec0e0a950ffd8feed8daacc836883,5,cpu,76.20390000010957,28.485900000305264,208.3717000004981,36.37510000044131,273.23270000124467,349.50080000089656,dots,0.9980535507202148
dots/dots_09.png,dots,36372990e82fa4a147cbea76e2d6c640ec3e03721ae6f03d0e8cbc9473a30042,1,cpu,116.01260000134062,23.307499999646097,175.09330000029877,35.65530000014405,234.05610000008892,350.13880000042263,dots,0.9993627667427063
dots/dots_09.png,dots,36372990e82fa4a147cbea76e2d6c640ec3e03721ae6f03d0e8cbc9473a30042,2,cpu,73.15490000110003,22.33390000037616,208.1517000005988,34.00740000142832,264.4930000024033,337.7065999993647,dots,0.9993627667427063
dots/dots_09.png,dots,36372990e82fa4a147cbea76e2d6c640ec3e03721ae6f03d0e8cbc9473a30042,3,cpu,70.3665999990335,22.95400000002701,197.22319999891624,35.316199999215314,255.49339999815857,325.91730000058305,dots,0.9993627667427063
dots/dots_09.png,dots,36372990e82fa4a147cbea76e2d6c640ec3e03721ae6f03d0e8cbc9473a30042,4,cpu,74.08550000036485,23.479900000893394,200.1096999993024,36.266600000089966,259.85620000028575,334.005700000489,dots,0.9993627667427063
dots/dots_09.png,dots,36372990e82fa4a147cbea76e2d6c640ec3e03721ae6f03d0e8cbc9473a30042,5,cpu,70.22320000032778,23.064099999828613,182.59850000140432,35.07340000032855,240.73600000156148,311.03560000155994,dots,0.9993627667427063
dots/dots_10.png,dots,b9e9c498232a03edfa0d90e41d543079b5845d08e18aec08103adf9454363c23,1,cpu,108.0842000010307,17.533100000946433,200.68569999966712,33.832600000096136,252.0514000007097,360.1966000005632,dots,0.9971987009048462
dots/dots_10.png,dots,b9e9c498232a03edfa0d90e41d543079b5845d08e18aec08103adf9454363c23,2,cpu,66.50339999941934,18.745600000329432,212.8461000011157,35.43059999901743,267.02230000046256,333.59159999963595,dots,0.9971987009048462
dots/dots_10.png,dots,b9e9c498232a03edfa0d90e41d543079b5845d08e18aec08103adf9454363c23,3,cpu,76.92480000150681,20.663499999500345,229.48299999916344,34.32280000015453,284.4692999988183,361.46000000007916,dots,0.9971987009048462
dots/dots_10.png,dots,b9e9c498232a03edfa0d90e41d543079b5845d08e18aec08103adf9454363c23,4,cpu,69.9043000004167,18.294100000275648,197.76959999944665,33.78090000114753,249.84460000086983,319.79560000036145,dots,0.9971987009048462
dots/dots_10.png,dots,b9e9c498232a03edfa0d90e41d543079b5845d08e18aec08103adf9454363c23,5,cpu,69.16310000087833,19.98020000064571,198.79779999973834,33.96040000006906,252.7384000004531,321.99059999948076,dots,0.9971987009048462
dots/dots_11.png,dots,b03c485817525b96c45b8e5286da06fed5a69c84fdb1095a610a8ca448980166,1,cpu,107.60080000000016,16.995899999528774,211.99979999983043,34.091799998350325,263.08749999770953,370.7451000009314,dots,0.9937454462051392
dots/dots_11.png,dots,b03c485817525b96c45b8e5286da06fed5a69c84fdb1095a610a8ca448980166,2,cpu,68.67779999993218,19.289699999717413,174.77310000140278,34.629099998710444,228.69189999983064,297.4151000016718,dots,0.9937454462051392
dots/dots_11.png,dots,b03c485817525b96c45b8e5286da06fed5a69c84fdb1095a610a8ca448980166,3,cpu,68.89269999919634,18.573199999082135,198.6776000012469,34.681799999816576,251.9326000001456,320.8734999989247,dots,0.9937454462051392
dots/dots_11.png,dots,b03c485817525b96c45b8e5286da06fed5a69c84fdb1095a610a8ca448980166,4,cpu,70.72319999861065,19.866900000124588,197.70270000117307,34.02529999948456,251.59490000078222,322.38089999918884,dots,0.9937454462051392
dots/dots_11.png,dots,b03c485817525b96c45b8e5286da06fed5a69c84fdb1095a610a8ca448980166,5,cpu,70.33600000067963,20.3044999998383,204.33419999972102,35.281700000268756,259.9203999998281,330.3237000000081,dots,0.9937454462051392
dots/dots_13.png,dots,3d210a136f63aeeabc5f020d3a2c4d4e15ebc3b70be11a6c23dd3041677e93f8,1,cpu,98.98330000032729,14.578199999959907,195.09560000005877,31.243600000379956,240.91740000039863,339.96859999933804,dots,0.6638205647468567
dots/dots_13.png,dots,3d210a136f63aeeabc5f020d3a2c4d4e15ebc3b70be11a6c23dd3041677e93f8,2,cpu,75.49349999862898,12.235500000315369,194.62620000012976,31.483499999012565,238.3451999994577,313.8971999997011,dots,0.6638205647468567
dots/dots_13.png,dots,3d210a136f63aeeabc5f020d3a2c4d4e15ebc3b70be11a6c23dd3041677e93f8,3,cpu,63.54529999953229,15.915099998892401,205.7107000000542,31.193700000585523,252.81949999953213,316.42550000105985,dots,0.6638205647468567
dots/dots_13.png,dots,3d210a136f63aeeabc5f020d3a2c4d4e15ebc3b70be11a6c23dd3041677e93f8,4,cpu,65.73860000025888,17.370499999742606,202.68380000015895,31.824700001379824,251.87900000128138,317.67020000006596,dots,0.6638205647468567
dots/dots_13.png,dots,3d210a136f63aeeabc5f020d3a2c4d4e15ebc3b70be11a6c23dd3041677e93f8,5,cpu,66.88779999967664,18.582700000479235,201.9693999991432,31.730299999253475,252.28239999887592,319.21499999953085,dots,0.6638205647468567
dots/dots_14.png,dots,b15b0b1b44b09ebc11aae27ae196610cefc26fc978dd012b123d7ae4e2216839,1,cpu,104.17980000056559,16.7208999991999,204.2080999999598,31.758899998749257,252.68789999790897,356.9294000008085,dots,0.6761580109596252
dots/dots_14.png,dots,b15b0b1b44b09ebc11aae27ae196610cefc26fc978dd012b123d7ae4e2216839,2,cpu,66.70239999948535,17.45200000004843,203.74339999943913,32.32150000076217,253.51690000024973,320.26629999927536,dots,0.6761580109596252
dots/dots_14.png,dots,b15b0b1b44b09ebc11aae27ae196610cefc26fc978dd012b123d7ae4e2216839,3,cpu,66.67010000091977,16.051399999923888,207.93620000040391,32.613599998512655,256.60119999884046,323.33230000040203,dots,0.6761580109596252
dots/dots_14.png,dots,b15b0b1b44b09ebc11aae27ae196610cefc26fc978dd012b123d7ae4e2216839,4,cpu,64.40010000005714,18.023399999947287,209.5633999997517,31.782899999598158,259.36969999929715,323.8271000009263,dots,0.6761580109596252
dots/dots_14.png,dots,b15b0b1b44b09ebc11aae27ae196610cefc26fc978dd012b123d7ae4e2216839,5,cpu,69.04420000137179,14.381099999809521,204.71460000044317,31.810799999220762,250.90649999947345,320.01169999966805,dots,0.6761580109596252
irregular/irregular_01.png,irregular,53ce1acdb3a1cabf1623d2a37af0977a5849ad45c83132dfebd0630959d56e02,1,cpu,116.55419999988226,16.690499998730957,195.39579999946,75.45049999862385,287.5367999968148,404.1617999992013,irregular,0.6082426905632019
irregular/irregular_01.png,irregular,53ce1acdb3a1cabf1623d2a37af0977a5849ad45c83132dfebd0630959d56e02,2,cpu,65.83739999950922,14.370700000654324,202.6757000003272,33.201199999894015,250.24760000087554,316.1511000016617,irregular,0.6082426905632019
irregular/irregular_01.png,irregular,53ce1acdb3a1cabf1623d2a37af0977a5849ad45c83132dfebd0630959d56e02,3,cpu,62.63840000065102,16.480500000398024,200.1471000003221,32.273200000418,248.90080000113812,311.59480000133044,irregular,0.6082426905632019
irregular/irregular_01.png,irregular,53ce1acdb3a1cabf1623d2a37af0977a5849ad45c83132dfebd0630959d56e02,4,cpu,55.56539999997767,14.609100000598119,204.22229999894626,32.51319999981206,251.34459999935643,306.9625000007363,irregular,0.6082426905632019
irregular/irregular_01.png,irregular,53ce1acdb3a1cabf1623d2a37af0977a5849ad45c83132dfebd0630959d56e02,5,cpu,63.152000000627595,14.106900000115274,202.35739999952784,32.763200000772486,249.2275000004156,312.426399999822,irregular,0.6082426905632019
irregular/irregular_02.png,irregular,f6ca194fa5cc9f1311ef1ca762bf3591dea563ec3a90593f323b05cef9b1029f,1,cpu,92.4230999989959,8.51429999966058,217.1173999995517,40.474200000971905,266.1059000001842,358.5791999994399,irregular,0.8662452101707458
irregular/irregular_02.png,irregular,f6ca194fa5cc9f1311ef1ca762bf3591dea563ec3a90593f323b05cef9b1029f,2,cpu,65.28249999973923,10.562899999058573,236.0726999995677,40.11539999919478,286.75099999782105,352.11159999926167,irregular,0.8662452101707458
irregular/irregular_02.png,irregular,f6ca194fa5cc9f1311ef1ca762bf3591dea563ec3a90593f323b05cef9b1029f,3,cpu,71.03810000080557,10.552599998845835,206.8697999984579,39.56820000166772,256.99059999897145,328.10930000050575,irregular,0.8662452101707458
irregular/irregular_02.png,irregular,f6ca194fa5cc9f1311ef1ca762bf3591dea563ec3a90593f323b05cef9b1029f,4,cpu,57.28439999984403,8.727500000532018,205.85049999863259,39.264600000024075,253.84259999918868,311.19369999942137,irregular,0.8662452101707458
irregular/irregular_02.png,irregular,f6ca194fa5cc9f1311ef1ca762bf3591dea563ec3a90593f323b05cef9b1029f,5,cpu,60.48879999980272,10.038700000222889,201.17780000146013,39.19789999963541,250.41440000131843,310.9604999990552,irregular,0.8662452101707458
irregular/irregular_03.png,irregular,2ded8e6a08dbde0454ffdc8d09ade1675b557b60c1f21346147588f119bf9ad1,1,cpu,91.72009999929287,9.650500000134343,215.88489999885496,30.431000001044595,255.9664000000339,347.76029999920866,irregular,0.9443580508232117
irregular/irregular_03.png,irregular,2ded8e6a08dbde0454ffdc8d09ade1675b557b60c1f21346147588f119bf9ad1,2,cpu,61.67759999880218,10.320800000044983,203.35479999994277,30.641099998319987,244.31669999830774,306.06319999969855,irregular,0.9443580508232117
irregular/irregular_03.png,irregular,2ded8e6a08dbde0454ffdc8d09ade1675b557b60c1f21346147588f119bf9ad1,3,cpu,60.459000000264496,11.390300000130082,203.6236000003555,30.602799999542185,245.61670000002778,306.1262000010174,irregular,0.9443580508232117
irregular/irregular_03.png,irregular,2ded8e6a08dbde0454ffdc8d09ade1675b557b60c1f21346147588f119bf9ad1,4,cpu,60.22360000133631,9.727000000566477,205.42979999845556,30.40550000150688,245.56230000052892,305.8484999983193,irregular,0.9443580508232117
irregular/irregular_03.png,irregular,2ded8e6a08dbde0454ffdc8d09ade1675b557b60c1f21346147588f119bf9ad1,5,cpu,57.99180000030901,9.500899999693502,206.6212000008818,30.759399998714798,246.8814999992901,304.9375999999029,irregular,0.9443580508232117
irregular/irregular_04.png,irregular,8da4255124c812daee4be01dec8ff27afd838fbd07e87e36926eef624d7d0862,1,cpu,92.26179999859596,8.679900000061025,203.81629999974393,39.883800000097835,252.3799999999028,344.70390000024054,irregular,0.8417518734931946
irregular/irregular_04.png,irregular,8da4255124c812daee4be01dec8ff27afd838fbd07e87e36926eef624d7d0862,2,cpu,56.48279999877559,10.591299998850445,202.4308000000019,40.09550000046147,253.11759999931382,309.6674000007624,irregular,0.8417518734931946
irregular/irregular_04.png,irregular,8da4255124c812daee4be01dec8ff27afd838fbd07e87e36926eef624d7d0862,3,cpu,60.46220000098401,10.10380000116129,201.0584999989078,40.16650000085065,251.32880000091973,311.84880000000703,irregular,0.8417518734931946
irregular/irregular_04.png,irregular,8da4255124c812daee4be01dec8ff27afd838fbd07e87e36926eef624d7d0862,4,cpu,57.314000001497334,9.686500001407694,205.42399999976624,40.476300000591436,255.58680000176537,312.981299999592,irregular,0.8417518734931946
irregular/irregular_04.png,irregular,8da4255124c812daee4be01dec8ff27afd838fbd07e87e36926eef624d7d0862,5,cpu,61.51959999988321,10.119000000486267,206.6037000004144,39.886399999886635,256.6091000007873,318.195800000467,irregular,0.8417518734931946
irregular/irregular_05.png,irregular,9a85f1cd239a129d11abe1a5c287f7ea2d672127af5fc0fbdc47ab119e6faec5,1,cpu,94.66369999972812,13.028199999098433,201.41830000102345,30.353500000273925,244.8000000003958,339.5524999996269,irregular,0.6816096901893616
irregular/irregular_05.png,irregular,9a85f1cd239a129d11abe1a5c287f7ea2d672127af5fc0fbdc47ab119e6faec5,2,cpu,63.74049999976705,11.872700000822078,198.29000000027008,31.12160000091535,241.2843000020075,305.08629999894765,irregular,0.6816096901893616
irregular/irregular_05.png,irregular,9a85f1cd239a129d11abe1a5c287f7ea2d672127af5fc0fbdc47ab119e6faec5,3,cpu,59.09859999883338,10.597800001050928,202.15800000005402,30.790800001341267,243.5466000024462,302.7072999993834,irregular,0.6816096901893616
irregular/irregular_05.png,irregular,9a85f1cd239a129d11abe1a5c287f7ea2d672127af5fc0fbdc47ab119e6faec5,4,cpu,63.5035000013886,10.410200000478653,202.03779999974358,30.64479999920877,243.092799999431,306.6576000001078,irregular,0.6816096901893616
irregular/irregular_05.png,irregular,9a85f1cd239a129d11abe1a5c287f7ea2d672127af5fc0fbdc47ab119e6faec5,5,cpu,59.75849999958882,10.965599998598918,198.25440000022354,30.716700000994024,239.93669999981648,299.7525000009773,irregular,0.6816096901893616
irregular/irregular_06.jpeg,irregular,6341df71c8836694a2474825d6495f3411ae5b435efe06f686686bf8e455d0e4,1,cpu,184.90030000066326,22.371099999872968,202.12379999975383,41.64400000081514,266.13890000044194,451.10079999903974,lines,0.5373424887657166
irregular/irregular_06.jpeg,irregular,6341df71c8836694a2474825d6495f3411ae5b435efe06f686686bf8e455d0e4,2,cpu,73.76339999973425,25.74540000023262,206.7072999998345,42.73819999980333,275.19089999987045,349.02399999919,lines,0.5373424887657166
irregular/irregular_06.jpeg,irregular,6341df71c8836694a2474825d6495f3411ae5b435efe06f686686bf8e455d0e4,3,cpu,73.92820000131906,21.493199999895296,188.65889999869978,41.84060000079626,251.99269999939133,325.98029999826394,lines,0.5373424887657166
irregular/irregular_06.jpeg,irregular,6341df71c8836694a2474825d6495f3411ae5b435efe06f686686bf8e455d0e4,4,cpu,73.2529999986582,26.285399999324,201.26649999838264,43.95760000079463,271.50949999850127,344.8301000007632,lines,0.5373424887657166
irregular/irregular_06.jpeg,irregular,6341df71c8836694a2474825d6495f3411ae5b435efe06f686686bf8e455d0e4,5,cpu,76.0777000014059,21.76760000111244,187.7686999996513,48.74469999958819,258.2810000003519,334.46419999927457,lines,0.5373424887657166
irregular/irregular_07.png,irregular,fdbe3dd4a9d5a380097e294edd7a05a494f1b9c0a60b60b09ab4e3f0895f88ea,1,cpu,177.63910000030592,45.305900001039845,233.91740000079153,37.66870000072231,316.8920000025537,494.61169999995036,irregular,0.9995558857917786
irregular/irregular_07.png,irregular,fdbe3dd4a9d5a380097e294edd7a05a494f1b9c0a60b60b09ab4e3f0895f88ea,2,cpu,88.1227999998373,39.60379999989527,201.74179999958142,33.19749999900523,274.5430999984819,362.7245999996376,irregular,0.9995558857917786
irregular/irregular_07.png,irregular,fdbe3dd4a9d5a380097e294edd7a05a494f1b9c0a60b60b09ab4e3f0895f88ea,3,cpu,92.96489999906044,44.04969999995956,204.6252000000095,33.791500000006636,282.4663999999757,375.47989999984566,irregular,0.9995558857917786
irregular/irregular_07.png,irregular,fdbe3dd4a9d5a380097e294edd7a05a494f1b9c0a60b60b09ab4e3f0895f88ea,4,cpu,93.39580000050773,38.013999999748194,202.26399999955902,33.75360000063665,274.03159999994386,367.49020000024757,irregular,0.9995558857917786
irregular/irregular_07.png,irregular,fdbe3dd4a9d5a380097e294edd7a05a494f1b9c0a60b60b09ab4e3f0895f88ea,5,cpu,87.0969999996305,40.54600000017672,204.88269999987097,33.941399999093846,279.37009999914153,366.53149999983725,irregular,0.9995558857917786
lines/lines_01.png,lines,fec43e944e7cf319a88ef94bdb0014d85927ecc4211bf35af879e2b253f5718b,1,cpu,125.57799999922281,28.156399999716086,179.70909999894502,76.78409999971336,284.64959999837447,410.27849999954924,irregular,0.9999997615814209
lines/lines_01.png,lines,fec43e944e7cf319a88ef94bdb0014d85927ecc4211bf35af879e2b253f5718b,2,cpu,76.38260000021546,23.92599999984668,207.11230000051728,33.81150000132038,264.84980000168434,341.3024999990739,irregular,0.9999997615814209
lines/lines_01.png,lines,fec43e944e7cf319a88ef94bdb0014d85927ecc4211bf35af879e2b253f5718b,3,cpu,76.86330000069574,24.895099999412196,205.10159999867028,33.69110000130604,263.6877999993885,340.61600000131875,irregular,0.9999997615814209
lines/lines_01.png,lines,fec43e944e7cf319a88ef94bdb0014d85927ecc4211bf35af879e2b253f5718b,4,cpu,72.51180000093882,27.8651999997237,204.12639999995008,33.94760000082897,265.93920000050275,338.53889999954845,irregular,0.9999997615814209
lines/lines_01.png,lines,fec43e944e7cf319a88ef94bdb0014d85927ecc4211bf35af879e2b253f5718b,5,cpu,76.22679999985849,26.768499999889173,200.53469999947993,33.08389999983774,260.38709999920684,336.65929999915534,irregular,0.9999997615814209
lines/lines_02.png,lines,3c9ed6865f7ba4c85e2f85f032503d7de66ec74afe4de15bdf682bde37642dfc,1,cpu,140.60590000008233,36.429099998713355,205.06959999875107,36.85389999918698,278.3525999966514,419.023800001014,lines,0.9999152421951294
lines/lines_02.png,lines,3c9ed6865f7ba4c85e2f85f032503d7de66ec74afe4de15bdf682bde37642dfc,2,cpu,89.01760000117065,33.20800000074087,190.45090000145137,35.40389999943727,259.0628000016295,348.1453000003967,lines,0.9999152421951294
lines/lines_02.png,lines,3c9ed6865f7ba4c85e2f85f032503d7de66ec74afe4de15bdf682bde37642dfc,3,cpu,86.67729999979201,37.13199999947392,201.24620000024152,35.03810000074736,273.4163000004628,360.16010000093956,lines,0.9999152421951294
lines/lines_02.png,lines,3c9ed6865f7ba4c85e2f85f032503d7de66ec74afe4de15bdf682bde37642dfc,4,cpu,84.64100000128383,36.823200000071665,200.77999999921303,37.55579999960901,275.1589999988937,359.84759999882954,lines,0.9999152421951294
lines/lines_02.png,lines,3c9ed6865f7ba4c85e2f85f032503d7de66ec74afe4de15bdf682bde37642dfc,5,cpu,84.43170000100508,38.70409999944968,208.4460999994917,35.65820000039821,282.8083999993396,367.30360000001383,lines,0.9999152421951294
lines/lines_03.png,lines,9243a92613537ace4b3f06c71abaa8692ac19ec47a53cf2f06af6ac287a07bd8,1,cpu,110.00390000117477,18.635799999174196,193.94479999937175,32.1483999996417,244.72899999818765,354.79490000034275,lines,0.9999998807907104
lines/lines_03.png,lines,9243a92613537ace4b3f06c71abaa8692ac19ec47a53cf2f06af6ac287a07bd8,2,cpu,65.52150000061374,17.603000000235625,203.70679999905406,31.718300000648014,253.0280999999377,318.60860000051616,lines,0.9999998807907104
lines/lines_03.png,lines,9243a92613537ace4b3f06c71abaa8692ac19ec47a53cf2f06af6ac287a07bd8,3,cpu,70.50039999921864,20.596499998646323,190.12060000022757,32.09389999938139,242.81099999825528,313.36840000039956,lines,0.9999998807907104
lines/lines_03.png,lines,9243a92613537ace4b3f06c71abaa8692ac19ec47a53cf2f06af6ac287a07bd8,4,cpu,64.49919999977283,18.701099999816506,205.6124999999156,31.53340000062599,255.8470000003581,320.41670000035083,lines,0.9999998807907104
lines/lines_03.png,lines,9243a92613537ace4b3f06c71abaa8692ac19ec47a53cf2f06af6ac287a07bd8,5,cpu,69.49150000036752,20.540299999993294,207.41429999907268,32.862700001714984,260.81730000078096,330.3722000000562,lines,0.9999998807907104
lines/lines_04.png,lines,6b7e8c88f3eef9520cc375831912244354bd6c5ca2cb727c7c6b75c1b7f85e93,1,cpu,121.63139999938721,25.908400000844267,207.67789999990782,32.4335000004794,266.0198000012315,387.7155000009225,lines,0.9993066787719727
lines/lines_04.png,lines,6b7e8c88f3eef9520cc375831912244354bd6c5ca2cb727c7c6b75c1b7f85e93,2,cpu,71.1873000000196,22.51109999997425,200.2148000010493,34.66179999850283,257.3876999995264,328.62329999989015,lines,0.9993066787719727
lines/lines_04.png,lines,6b7e8c88f3eef9520cc375831912244354bd6c5ca2cb727c7c6b75c1b7f85e93,3,cpu,84.61500000157685,25.938500000847853,237.1184000003268,36.31200000017998,299.36890000135463,384.0712999990501,lines,0.9993066787719727
lines/lines_04.png,lines,6b7e8c88f3eef9520cc375831912244354bd6c5ca2cb727c7c6b75c1b7f85e93,4,cpu,92.96100000028673,22.376099999746657,200.29799999974784,32.50029999981052,255.17439999930502,348.1931000005716,lines,0.9993066787719727
lines/lines_04.png,lines,6b7e8c88f3eef9520cc375831912244354bd6c5ca2cb727c7c6b75c1b7f85e93,5,cpu,74.01129999925615,21.940499998891028,199.48379999914323,32.422000000224216,253.84629999825847,327.9223000008642,lines,0.9993066787719727
lines/lines_05.png,lines,c9c8e5056abd359410ba2f45a26d66d90df2d880a22753bee048a6f86f75e82d,1,cpu,98.64740000011807,13.569700000516605,195.85799999913434,32.226299999820185,241.65399999947113,340.3663000008237,lines,0.9995525479316711
lines/lines_05.png,lines,c9c8e5056abd359410ba2f45a26d66d90df2d880a22753bee048a6f86f75e82d,2,cpu,64.3739999995887,12.79919999979029,194.08409999959986,31.897199998638825,238.78049999802897,303.2355999985157,lines,0.9995525479316711
lines/lines_05.png,lines,c9c8e5056abd359410ba2f45a26d66d90df2d880a22753bee048a6f86f75e82d,3,cpu,60.00329999915266,11.368200001015794,197.43670000025304,31.719900000098278,240.5248000013671,300.582799998665,lines,0.9995525479316711
lines/lines_05.png,lines,c9c8e5056abd359410ba2f45a26d66d90df2d880a22753bee048a6f86f75e82d,4,cpu,63.502500001050066,13.984900000650669,213.3367000005819,31.507699999565375,258.82930000079796,322.38589999906253,lines,0.9995525479316711
lines/lines_05.png,lines,c9c8e5056abd359410ba2f45a26d66d90df2d880a22753bee048a6f86f75e82d,5,cpu,51.61020000014105,11.95200000074692,196.51399999929708,31.70219999992696,240.16819999997097,291.8264999989333,lines,0.9995525479316711
lines/lines_06.png,lines,ba0440ffcd035a43f27fd83b589c8fc210a8bbfff1720858395a1447fb43462b,1,cpu,140.74579999942216,20.01380000001518,200.29989999966347,33.777399999962654,254.0910999996413,394.89060000050813,lines,0.9918842315673828
lines/lines_06.png,lines,ba0440ffcd035a43f27fd83b589c8fc210a8bbfff1720858395a1447fb43462b,2,cpu,67.11410000025353,17.61860000078741,193.54650000059337,32.87359999922046,244.03870000060124,311.21259999963513,lines,0.9918842315673828
lines/lines_06.png,lines,ba0440ffcd035a43f27fd83b589c8fc210a8bbfff1720858395a1447fb43462b,3,cpu,69.62150000072143,18.91520000026503,181.17460000030405,32.743800000389456,232.83360000095854,302.51919999864185,lines,0.9918842315673828
lines/lines_06.png,lines,ba0440ffcd035a43f27fd83b589c8fc210a8bbfff1720858395a1447fb43462b,4,cpu,70.24020000062592,19.889400000465685,188.55400000029476,33.39819999928295,241.8416000000434,312.147399999958,lines,0.9918842315673828
lines/lines_06.png,lines,ba0440ffcd035a43f27fd83b589c8fc210a8bbfff1720858395a1447fb43462b,5,cpu,69.6115999999165,19.80569999977888,200.26420000067446,32.860499999515014,252.93039999996836,322.59780000094906,lines,0.9918842315673828
lines/lines_07.png,lines,554b51b5bcc11c8b075e57c60db86651db9b952e0cc5aee52759ed32b373b856,1,cpu,111.12990000037826,21.254600000247592,196.19490000150108,39.61600000002363,257.0655000017723,368.2630999992398,lines,0.985153317451477
lines/lines_07.png,lines,554b51b5bcc11c8b075e57c60db86651db9b952e0cc5aee52759ed32b373b856,2,cpu,66.49700000161829,16.608199999609496,201.11270000052173,40.46139999991283,258.18230000004405,324.7431999989203,lines,0.985153317451477
lines/lines_07.png,lines,554b51b5bcc11c8b075e57c60db86651db9b952e0cc5aee52759ed32b373b856,3,cpu,70.47529999908875,20.58010000109789,200.2135000002454,40.617100001327344,261.41070000267064,331.9260000007489,lines,0.985153317451477
lines/lines_07.png,lines,554b51b5bcc11c8b075e57c60db86651db9b952e0cc5aee52759ed32b373b856,4,cpu,69.05929999993532,18.17040000059933,199.06769999943208,40.49040000063542,257.7285000006668,326.8482000003132,lines,0.985153317451477
lines/lines_07.png,lines,554b51b5bcc11c8b075e57c60db86651db9b952e0cc5aee52759ed32b373b856,5,cpu,66.00149999940186,15.955400000166264,195.84709999980987,41.08819999964908,252.8906999996252,318.9749000011943,lines,0.985153317451477
lines/lines_08.png,lines,b59af0867b4a15ee1ba62bf0640a907506853ebbb7002aefe0dff373305514f2,1,cpu,105.1287999998749,16.33169999877282,196.4140000000043,33.808800000770134,246.55449999954726,351.75080000044545,lines,0.9986419081687927
lines/lines_08.png,lines,b59af0867b4a15ee1ba62bf0640a907506853ebbb7002aefe0dff373305514f2,2,cpu,69.40240000039921,16.226800000367803,195.05770000068878,32.00240000114718,243.28690000220377,312.75540000024193,lines,0.9986419081687927
lines/lines_08.png,lines,b59af0867b4a15ee1ba62bf0640a907506853ebbb7002aefe0dff373305514f2,3,cpu,68.2608999995864,19.07960000062303,197.86179999937303,31.767200000103912,248.70860000009998,317.0425999996951,lines,0.9986419081687927
lines/lines_08.png,lines,b59af0867b4a15ee1ba62bf0640a907506853ebbb7002aefe0dff373305514f2,4,cpu,63.72120000014547,15.479199999390403,199.15279999986524,32.94860000096378,247.58060000021942,311.35940000058326,lines,0.9986419081687927
lines/lines_08.png,lines,b59af0867b4a15ee1ba62bf0640a907506853ebbb7002aefe0dff373305514f2,5,cpu,67.02879999829747,16.7141999991145,198.7066000001505,32.87300000010873,248.29379999937373,315.38890000047104,lines,0.9986419081687927
lines/lines_09.png,lines,f708fe1de75330c314cba9d97f9dd06029f9ea09ae15595850583a71a60fedcc,1,cpu,107.40590000023076,15.392999999676249,194.43970000065747,32.8693999999814,242.7021000003151,350.1694000005955,lines,0.7682480216026306
lines/lines_09.png,lines,f708fe1de75330c314cba9d97f9dd06029f9ea09ae15595850583a71a60fedcc,2,cpu,71.85580000077607,17.843100000391132,238.59490000177175,34.764500000164844,291.2025000023277,363.11399999976857,lines,0.7682480216026306
lines/lines_09.png,lines,f708fe1de75330c314cba9d97f9dd06029f9ea09ae15595850583a71a60fedcc,3,cpu,82.7039000014338,20.918000000165193,202.08170000114478,32.76870000081544,255.76840000212542,338.5363999987021,lines,0.7682480216026306
lines/lines_09.png,lines,f708fe1de75330c314cba9d97f9dd06029f9ea09ae15595850583a71a60fedcc,4,cpu,66.2826000007044,18.463600001268787,198.39030000002822,32.89349999977276,249.74740000106976,316.0977000006824,lines,0.7682480216026306
lines/lines_09.png,lines,f708fe1de75330c314cba9d97f9dd06029f9ea09ae15595850583a71a60fedcc,5,cpu,69.00809999933699,17.941300000529736,204.23610000034387,34.05430000020715,256.23170000108075,325.3069000002142,lines,0.7682480216026306
lines/lines_10.png,lines,fabd79ab613035d80665799501a1b1bd9d1caa9a9f4d7de0ccb052982017298e,1,cpu,101.61300000072515,14.791100000365986,198.20629999958328,31.75560000090627,244.75300000085554,346.4276000013342,lines,0.9997170567512512
lines/lines_10.png,lines,fabd79ab613035d80665799501a1b1bd9d1caa9a9f4d7de0ccb052982017298e,2,cpu,64.3052000013995,13.505299999451381,201.90929999989748,31.68790000017907,247.10249999952794,311.478999999963,lines,0.9997170567512512
lines/lines_10.png,lines,fabd79ab613035d80665799501a1b1bd9d1caa9a9f4d7de0ccb052982017298e,3,cpu,66.37529999898106,15.18460000079358,205.1953999998659,31.15320000142674,251.53320000208623,317.9811999998492,lines,0.9997170567512512
lines/lines_10.png,lines,fabd79ab613035d80665799501a1b1bd9d1caa9a9f4d7de0ccb052982017298e,4,cpu,65.53390000044601,12.807699999029865,199.05549999930372,32.50160000061442,244.364799998948,309.97260000003735,lines,0.9997170567512512
lines/lines_10.png,lines,fabd79ab613035d80665799501a1b1bd9d1caa9a9f4d7de0ccb052982017298e,5,cpu,67.4472999999125,14.643200000136858,199.19790000130888,31.57169999940379,245.41280000084953,312.92709999979706,lines,0.9997170567512512
lines/lines_11.png,lines,1f1adc212531eb25bd71ae97f1ca695d7bd5d7815ed94542c5d4e82f3e5d33e4,1,cpu,136.57749999947555,18.867800001316937,207.78450000034354,33.82360000068729,260.47590000234777,397.1502000003966,lines,0.9998757839202881
lines/lines_11.png,lines,1f1adc212531eb25bd71ae97f1ca695d7bd5d7815ed94542c5d4e82f3e5d33e4,2,cpu,70.14490000074147,15.892899999016663,217.3798000003444,31.7947000003187,265.06739999967976,335.2828999995836,lines,0.9998757839202881
lines/lines_11.png,lines,1f1adc212531eb25bd71ae97f1ca695d7bd5d7815ed94542c5d4e82f3e5d33e4,3,cpu,68.45480000083626,16.316599998390302,204.27899999958754,31.39720000035595,251.9927999983338,320.5272999985027,lines,0.9998757839202881
lines/lines_11.png,lines,1f1adc212531eb25bd71ae97f1ca695d7bd5d7815ed94542c5d4e82f3e5d33e4,4,cpu,66.72140000046056,16.189300000405638,204.40449999841803,31.67860000030487,252.27239999912854,319.2001000006712,lines,0.9998757839202881
lines/lines_11.png,lines,1f1adc212531eb25bd71ae97f1ca695d7bd5d7815ed94542c5d4e82f3e5d33e4,5,cpu,66.25410000015108,15.089200000147684,233.54339999968943,33.33120000024792,281.96380000008503,348.29999999965366,lines,0.9998757839202881
lines/lines_12.png,lines,49b85fae5236cd46cf509dc6e0e1711937ea57685de6df8757fd9819ecb586a6,1,cpu,101.65349999988393,10.359400001107133,213.3549000009225,40.43630000160192,264.15060000363155,365.87559999861696,lines,0.9999990463256836
lines/lines_12.png,lines,49b85fae5236cd46cf509dc6e0e1711937ea57685de6df8757fd9819ecb586a6,2,cpu,61.30320000011125,8.459099999527098,206.8398999999772,40.00860000087414,255.30760000037844,316.69090000104916,lines,0.9999990463256836
lines/lines_12.png,lines,49b85fae5236cd46cf509dc6e0e1711937ea57685de6df8757fd9819ecb586a6,3,cpu,65.59949999973469,10.72530000055849,211.67229999991832,39.7183999994013,262.1159999998781,327.7861999995366,lines,0.9999990463256836
lines/lines_12.png,lines,49b85fae5236cd46cf509dc6e0e1711937ea57685de6df8757fd9819ecb586a6,4,cpu,63.137600000118255,9.400599999935366,207.50440000119852,39.48600000148872,256.3910000026226,319.6711000000505,lines,0.9999990463256836
lines/lines_12.png,lines,49b85fae5236cd46cf509dc6e0e1711937ea57685de6df8757fd9819ecb586a6,5,cpu,65.10399999933725,10.74479999988398,216.46489999875485,39.38269999889599,266.5923999975348,331.76950000051875,lines,0.9999990463256836
lines/lines_13.png,lines,f3962b1a2012657c79328f75949090a4024f185ae83e4afd10b4156fbeb2c49f,1,cpu,105.48430000017106,14.34039999912784,213.0648000002111,41.44040000028326,268.8455999996222,374.4370999993407,lines,0.9999980926513672
lines/lines_13.png,lines,f3962b1a2012657c79328f75949090a4024f185ae83e4afd10b4156fbeb2c49f,2,cpu,68.30700000136858,12.575299999298295,220.50560000025143,41.25529999873834,274.33619999828807,342.7186000008078,lines,0.9999980926513672
lines/lines_13.png,lines,f3962b1a2012657c79328f75949090a4024f185ae83e4afd10b4156fbeb2c49f,3,cpu,70.15520000095421,14.165599999614642,212.03390000118816,41.246100001444574,267.4456000022474,337.6851000011811,lines,0.9999980926513672
lines/lines_13.png,lines,f3962b1a2012657c79328f75949090a4024f185ae83e4afd10b4156fbeb2c49f,4,cpu,70.80390000010084,12.541100000817096,215.81979999973555,40.957499999422,269.31839999997464,340.1891000012256,lines,0.9999980926513672
lines/lines_13.png,lines,f3962b1a2012657c79328f75949090a4024f185ae83e4afd10b4156fbeb2c49f,5,cpu,73.34300000002258,13.559799999711686,221.3477999994211,41.5859000004275,276.4934999995603,349.90599999946426,lines,0.9999980926513672
lines/lines_14.png,lines,6be8b0306ed3abcedcc278ef5f6d57ce5e76dde9f041b5f79f4b8df5476b68f1,1,cpu,101.35350000018661,12.036300000545452,216.17040000091947,29.44770000067365,257.6544000021386,359.0777999997954,lines,0.9999998807907104
lines/lines_14.png,lines,6be8b0306ed3abcedcc278ef5f6d57ce5e76dde9f041b5f79f4b8df5476b68f1,2,cpu,71.24819999989995,14.119699999355362,209.81050000045798,28.589999999894644,252.52019999970798,323.8359000006312,lines,0.9999998807907104
lines/lines_14.png,lines,6be8b0306ed3abcedcc278ef5f6d57ce5e76dde9f041b5f79f4b8df5476b68f1,3,cpu,66.6440999993938,13.037000000622356,210.98059999894758,28.79399999983434,252.81159999940428,319.512099998974,lines,0.9999998807907104
lines/lines_14.png,lines,6be8b0306ed3abcedcc278ef5f6d57ce5e76dde9f041b5f79f4b8df5476b68f1,4,cpu,68.28820000009728,13.225400000010268,208.17970000098285,28.890499999761232,250.29560000075435,318.65689999904134,lines,0.9999998807907104
lines/lines_14.png,lines,6be8b0306ed3abcedcc278ef5f6d57ce5e76dde9f041b5f79f4b8df5476b68f1,5,cpu,66.01910000063071,11.665499998343876,208.84830000068177,28.33490000011807,248.84869999914372,314.92919999982405,lines,0.9999998807907104
lines/lines_15.png,lines,6dff08ed67795000acaa89052fa1d23b41698f272b91360c04138438d07b803b,1,cpu,89.76970000003348,5.507100000613718,203.24710000022606,39.119300001402735,247.8735000022425,337.7129000000423,lines,0.9979233741760254
lines/lines_15.png,lines,6dff08ed67795000acaa89052fa1d23b41698f272b91360c04138438d07b803b,2,cpu,62.285599999086116,6.891400000313297,216.7219999992085,38.272300000244286,261.8856999997661,324.2463000005955,lines,0.9979233741760254
lines/lines_15.png,lines,6dff08ed67795000acaa89052fa1d23b41698f272b91360c04138438d07b803b,3,cpu,65.92090000049211,7.060400001137168,207.58399999976973,39.16120000030787,253.80560000121477,319.7916000008263,lines,0.9979233741760254
lines/lines_15.png,lines,6dff08ed67795000acaa89052fa1d23b41698f272b91360c04138438d07b803b,4,cpu,61.453700000129174,6.8684000016219215,205.28689999991911,39.2243000005692,251.37960000211024,312.896900000851,lines,0.9979233741760254
lines/lines_15.png,lines,6dff08ed67795000acaa89052fa1d23b41698f272b91360c04138438d07b803b,5,cpu,58.908699998937664,5.083199999717181,201.1227000002691,38.48680000010063,244.69270000008692,303.6559000011039,lines,0.9979233741760254
lines/lines_16.png,lines,f4221de57d9db167e82b06069e8b598a82e5cd9deeb35e35374b6f999cc3e367,1,cpu,91.55689999897731,7.866900001317845,211.20460000020103,50.49859999962791,269.5701000011468,361.1875999995391,lines,0.9999986886978149
lines/lines_16.png,lines,f4221de57d9db167e82b06069e8b598a82e5cd9deeb35e35374b6f999cc3e367,2,cpu,63.94229999932577,10.221500000625383,218.65679999973509,40.270899999086396,269.14919999944686,333.14919999975245,lines,0.9999986886978149
lines/lines_16.png,lines,f4221de57d9db167e82b06069e8b598a82e5cd9deeb35e35374b6f999cc3e367,3,cpu,58.60970000139787,8.436099999016733,207.6777000002039,39.91400000086287,256.0278000000835,314.7430000008171,lines,0.9999986886978149
lines/lines_16.png,lines,f4221de57d9db167e82b06069e8b598a82e5cd9deeb35e35374b6f999cc3e367,4,cpu,63.19409999923664,9.060799999133451,217.25839999999152,40.28920000018843,266.6083999993134,329.8629000000801,lines,0.9999986886978149
lines/lines_16.png,lines,f4221de57d9db167e82b06069e8b598a82e5cd9deeb35e35374b6f999cc3e367,5,cpu,59.130800000275485,7.605599999806145,206.82309999938298,40.631700001540594,255.06040000072971,314.2614999997022,lines,0.9999986886978149
lines/lines_17.png,lines,26aa760a42645da9ffb86d90145727759feac07913271e16ae0d8c4096e81ced,1,cpu,111.33630000040284,15.718299999207375,213.45459999974992,41.10479999872041,270.2776999976777,381.6791999997804,lines,0.9999960660934448
lines/lines_17.png,lines,26aa760a42645da9ffb86d90145727759feac07913271e16ae0d8c4096e81ced,2,cpu,68.60000000051514,15.848600000026636,207.25240000138,41.2596999995003,264.36070000090695,333.0287999997381,lines,0.9999960660934448
lines/lines_17.png,lines,26aa760a42645da9ffb86d90145727759feac07913271e16ae0d8c4096e81ced,3,cpu,71.69290000092587,15.680000000429573,220.72399999888148,40.890599999329424,277.2945999986405,349.04850000020815,lines,0.9999960660934448
lines/lines_17.png,lines,26aa760a42645da9ffb86d90145727759feac07913271e16ae0d8c4096e81ced,4,cpu,66.50100000115344,14.096700000663986,210.33389999865904,40.801000001010834,265.23160000033386,331.8001000006916,lines,0.9999960660934448
lines/lines_17.png,lines,26aa760a42645da9ffb86d90145727759feac07913271e16ae0d8c4096e81ced,5,cpu,71.12099999903876,16.467999999804306,214.71920000112732,40.57549999924959,271.7627000001812,342.9367999997339,lines,0.9999960660934448
lines/lines_18.png,lines,42aca41abcf9b752f0dcafc269eba5ffd35e6fb6ac72f8833f8d645af6fa0809,1,cpu,106.02529999960097,15.292300000510295,204.055199999857,33.400099999198574,252.74759999956586,358.83579999972426,mixed,0.6146520376205444
lines/lines_18.png,lines,42aca41abcf9b752f0dcafc269eba5ffd35e6fb6ac72f8833f8d645af6fa0809,2,cpu,71.21059999917634,16.371400000934955,216.07130000120378,33.59959999943385,266.0423000015726,337.30710000054387,mixed,0.6146520376205444
lines/lines_18.png,lines,42aca41abcf9b752f0dcafc269eba5ffd35e6fb6ac72f8833f8d645af6fa0809,3,cpu,67.54329999967013,15.376000001197099,209.810499998639,33.66939999978058,258.85589999961667,326.4523999987432,mixed,0.6146520376205444
lines/lines_18.png,lines,42aca41abcf9b752f0dcafc269eba5ffd35e6fb6ac72f8833f8d645af6fa0809,4,cpu,69.32300000153191,15.886700000919518,214.2416000006051,33.98220000053698,264.1105000020616,333.4967000009783,mixed,0.6146520376205444
lines/lines_18.png,lines,42aca41abcf9b752f0dcafc269eba5ffd35e6fb6ac72f8833f8d645af6fa0809,5,cpu,65.82390000039595,15.188499999567284,203.4931999987748,33.86279999904218,252.54449999738426,318.43339999977616,mixed,0.6146520376205444
lines/lines_19.png,lines,be56dd049c02613d77d8bedfbfe0cee4b2d5c479f10c960696b309ed8e7f4e66,1,cpu,105.0054999996064,14.709799999764073,201.14549999925657,47.77780000040366,263.6330999994243,368.7036999999691,lines,0.9978190660476685
lines/lines_19.png,lines,be56dd049c02613d77d8bedfbfe0cee4b2d5c479f10c960696b309ed8e7f4e66,2,cpu,67.64470000052825,14.057600001251558,205.37439999861817,41.268099999797414,260.70009999966715,328.40109999960987,lines,0.9978190660476685
lines/lines_19.png,lines,be56dd049c02613d77d8bedfbfe0cee4b2d5c479f10c960696b309ed8e7f4e66,3,cpu,70.51539999883971,16.200100000787643,217.5881000002846,40.81000000041968,274.59820000149193,345.18410000055155,lines,0.9978190660476685
lines/lines_19.png,lines,be56dd049c02613d77d8bedfbfe0cee4b2d5c479f10c960696b309ed8e7f4e66,4,cpu,67.87019999865151,15.260599999237456,204.27269999890996,41.040600000997074,260.5738999991445,328.5087999993266,lines,0.9978190660476685
lines/lines_19.png,lines,be56dd049c02613d77d8bedfbfe0cee4b2d5c479f10c960696b309ed8e7f4e66,5,cpu,63.31539999882807,13.204500000938424,201.13369999853603,40.65430000082415,254.9925000002986,318.3553999988362,lines,0.9978190660476685
lines/lines_20.png,lines,c3e27a9e70c77602d11c6ddffbdd1380e49282b15d08e353f97671401459266f,1,cpu,138.77339999999094,32.5898999999481,204.33299999967858,40.77959999995073,277.7024999995774,416.54360000029556,lines,0.9723218083381653
lines/lines_20.png,lines,c3e27a9e70c77602d11c6ddffbdd1380e49282b15d08e353f97671401459266f,2,cpu,86.23850000003586,31.079899999895133,205.06329999989248,39.932200001203455,276.07540000099107,362.3772999999346,lines,0.9723218083381653
lines/lines_20.png,lines,c3e27a9e70c77602d11c6ddffbdd1380e49282b15d08e353f97671401459266f,3,cpu,85.57440000004135,31.788499998583575,209.59430000038992,40.66450000027544,282.04729999924893,367.6943999998912,lines,0.9723218083381653
lines/lines_20.png,lines,c3e27a9e70c77602d11c6ddffbdd1380e49282b15d08e353f97671401459266f,4,cpu,93.24700000070152,33.852299999125535,214.80530000008002,40.348700000322424,289.006299999528,382.3119000007864,lines,0.9723218083381653
lines/lines_20.png,lines,c3e27a9e70c77602d11c6ddffbdd1380e49282b15d08e353f97671401459266f,5,cpu,89.09829999902286,31.943999998475192,208.26099999976577,40.23919999963255,280.4441999978735,369.6106999996118,lines,0.9723218083381653
mixed/Mixed_01.png,mixed,241dcb9ca26c6545c05813c476a187247f52296de3c81bb9a2e118a98ec543df,1,cpu,130.26560000071186,24.205100000472157,220.7894999992277,77.37879999876895,322.3733999984688,452.7035999999498,mixed,0.539850115776062
mixed/Mixed_01.png,mixed,241dcb9ca26c6545c05813c476a187247f52296de3c81bb9a2e118a98ec543df,2,cpu,77.12639999954263,22.635900000750553,208.67830000133836,34.13370000089344,265.44790000298235,342.67240000008314,mixed,0.539850115776062
mixed/Mixed_01.png,mixed,241dcb9ca26c6545c05813c476a187247f52296de3c81bb9a2e118a98ec543df,3,cpu,78.72800000041025,24.227099998824997,213.36410000003525,33.79989999848476,271.391099997345,350.2009999992879,mixed,0.539850115776062
mixed/Mixed_01.png,mixed,241dcb9ca26c6545c05813c476a187247f52296de3c81bb9a2e118a98ec543df,4,cpu,78.22959999975865,22.490000001198496,209.72190000065893,34.86520000114979,267.0771000030072,345.3635000005306,mixed,0.539850115776062
mixed/Mixed_01.png,mixed,241dcb9ca26c6545c05813c476a187247f52296de3c81bb9a2e118a98ec543df,5,cpu,79.24030000140192,23.997900001631933,216.98399999877438,33.852399999886984,274.8343000002933,354.13580000022193,mixed,0.539850115776062
mixed/Mixed_03.png,mixed,b51b524b4f16d340bf6c52e399c10676397ded74433592c29c85d1d35a0db751,1,cpu,89.32300000014948,5.652999998346786,210.79570000074455,38.47440000026836,254.9230999993597,344.28549999938696,mixed,0.5517905354499817
mixed/Mixed_03.png,mixed,b51b524b4f16d340bf6c52e399c10676397ded74433592c29c85d1d35a0db751,2,cpu,58.82930000007036,4.401399999551359,200.52269999905548,39.170399999420624,244.09449999802746,302.98469999979716,mixed,0.5517905354499817
mixed/Mixed_03.png,mixed,b51b524b4f16d340bf6c52e399c10676397ded74433592c29c85d1d35a0db751,3,cpu,59.28239999957441,5.925800000113668,210.27460000004794,38.58580000087386,254.78620000103547,314.13640000027954,mixed,0.5517905354499817
mixed/Mixed_03.png,mixed,b51b524b4f16d340bf6c52e399c10676397ded74433592c29c85d1d35a0db751,4,cpu,62.30150000010326,4.611000000295462,206.53429999947548,38.73559999919962,249.88089999897056,312.25610000001325,mixed,0.5517905354499817
mixed/Mixed_03.png,mixed,b51b524b4f16d340bf6c52e399c10676397ded74433592c29c85d1d35a0db751,5,cpu,62.733200000366196,6.563400000231923,209.80229999986477,38.981499999863445,255.34719999996014,318.14549999944575,mixed,0.5517905354499817
mixed/Mixed_04.png,mixed,adae6f07ca256e470483f61a50f55f162395efd185203f292af13a21506dc272,1,cpu,94.15660000013304,9.623399999327376,222.05099999882805,39.409400000295136,271.08379999845056,365.2968000005785,mixed,0.9343376755714417
mixed/Mixed_04.png,mixed,adae6f07ca256e470483f61a50f55f162395efd185203f292af13a21506dc272,2,cpu,61.66949999897042,6.682499999442371,206.9312000003265,40.070400000331574,253.68410000010044,315.4210000011517,mixed,0.9343376755714417
mixed/Mixed_04.png,mixed,adae6f07ca256e470483f61a50f55f162395efd185203f292af13a21506dc272,3,cpu,65.80759999997099,7.332399998631445,219.24910000052478,39.05999999915366,265.6414999983099,331.488800000443,mixed,0.9343376755714417
mixed/Mixed_04.png,mixed,adae6f07ca256e470483f61a50f55f162395efd185203f292af13a21506dc272,4,cpu,59.67140000029758,6.326300001092022,206.77830000022368,39.84440000022005,252.94900000153575,312.6826000006986,mixed,0.9343376755714417
mixed/Mixed_04.png,mixed,adae6f07ca256e470483f61a50f55f162395efd185203f292af13a21506dc272,5,cpu,55.479500000728876,4.785299999639392,197.90499999908207,38.8344999992114,241.52479999793286,297.0573999991757,mixed,0.9343376755714417
mixed/mixed_05.png,mixed,cc47186ff2aa50d638ac24d9fa5baca178c7271ec334cb4c28b4319cfc0c1c77,1,cpu,146.35230000021693,30.70560000014666,212.06449999954202,41.44000000087544,284.2101000005641,430.63099999926635,lines,0.5676323175430298
mixed/mixed_05.png,mixed,cc47186ff2aa50d638ac24d9fa5baca178c7271ec334cb4c28b4319cfc0c1c77,2,cpu,95.61770000073011,36.20330000012473,221.00070000124106,41.91800000080548,299.12200000217126,394.8134000002028,lines,0.5676323175430298
mixed/mixed_05.png,mixed,cc47186ff2aa50d638ac24d9fa5baca178c7271ec334cb4c28b4319cfc0c1c77,3,cpu,99.98040000027686,36.67390000009618,215.0110999991739,40.43209999872488,292.11709999799496,392.168499998661,lines,0.5676323175430298
mixed/mixed_05.png,mixed,cc47186ff2aa50d638ac24d9fa5baca178c7271ec334cb4c28b4319cfc0c1c77,4,cpu,93.58839999913471,37.89309999956458,218.5027000014088,41.388699999515666,297.78450000048906,391.4978000011615,lines,0.5676323175430298
mixed/mixed_05.png,mixed,cc47186ff2aa50d638ac24d9fa5baca178c7271ec334cb4c28b4319cfc0c1c77,5,cpu,95.29529999963415,35.28560000086145,216.57989999948768,40.87170000093465,292.7372000012838,388.11789999999746,lines,0.5676323175430298
mixed/mixed_06.jpeg,mixed,c7bf3f985fddadfaf40a8c2f52a910d99cf08501f2eece4fde25cba369674e87,1,cpu,121.06860000130837,24.934299999586074,207.37989999906858,39.43930000059481,271.75349999924947,392.88940000005823,mixed,0.901093065738678
mixed/mixed_06.jpeg,mixed,c7bf3f985fddadfaf40a8c2f52a910d99cf08501f2eece4fde25cba369674e87,2,cpu,73.92250000157219,21.156700000574347,206.12290000099165,43.206100001043524,270.4857000026095,344.47200000067824,mixed,0.901093065738678
mixed/mixed_06.jpeg,mixed,c7bf3f985fddadfaf40a8c2f52a910d99cf08501f2eece4fde25cba369674e87,3,cpu,90.42109999973036,27.409000000261585,227.5149999986752,73.183099999369,328.1070999983058,418.6497999999119,mixed,0.901093065738678
mixed/mixed_06.jpeg,mixed,c7bf3f985fddadfaf40a8c2f52a910d99cf08501f2eece4fde25cba369674e87,4,cpu,83.58790000056615,25.277900000219233,225.50239999873156,44.13179999937711,294.9120999983279,378.5691000011866,mixed,0.901093065738678
mixed/mixed_06.jpeg,mixed,c7bf3f985fddadfaf40a8c2f52a910d99cf08501f2eece4fde25cba369674e87,5,cpu,74.43789999888395,20.85369999986142,210.21770000152173,42.91480000028969,273.98620000167284,348.48840000086057,mixed,0.901093065738678
mixed/mixed_07.png,mixed,e57aeb15799b4f1bc30edeab6bf73ff42c7a74336c2df737fd6a0329b0866c0d,1,cpu,146.4944999988802,35.985800001071766,209.35549999921932,39.92300000027171,285.2643000005628,431.82549999983166,lines,0.6404964327812195
mixed/mixed_07.png,mixed,e57aeb15799b4f1bc30edeab6bf73ff42c7a74336c2df737fd6a0329b0866c0d,2,cpu,94.76199999880919,37.819799999851966,213.17389999967418,40.67889999896579,291.67259999849193,386.50630000120145,lines,0.6404964327812195
mixed/mixed_07.png,mixed,e57aeb15799b4f1bc30edeab6bf73ff42c7a74336c2df737fd6a0329b0866c0d,3,cpu,89.32409999943047,36.177199999656295,208.73479999863775,40.08880000037607,285.0007999986701,374.38570000085747,lines,0.6404964327812195
mixed/mixed_07.png,mixed,e57aeb15799b4f1bc30edeab6bf73ff42c7a74336c2df737fd6a0329b0866c0d,4,cpu,95.92590000102064,36.569599998983904,211.2252000006265,40.00400000040827,287.7988000000187,383.8229000011779,lines,0.6404964327812195
mixed/mixed_07.png,mixed,e57aeb15799b4f1bc30edeab6bf73ff42c7a74336c2df737fd6a0329b0866c0d,5,cpu,86.25649999885354,33.94029999981285,206.83680000001914,40.80229999999574,281.57939999982773,367.90280000059283,lines,0.6404964327812195
mixed/mixed_08.jpeg,mixed,2e3b0a216ec060baa81be43847f1caa87e698acb92562db598107d24cf3b0922,1,cpu,99.29989999909594,14.78780000070401,208.44889999898442,36.641700000473065,259.8784000001615,359.24549999981537,mixed,0.8115888833999634
mixed/mixed_08.jpeg,mixed,2e3b0a216ec060baa81be43847f1caa87e698acb92562db598107d24cf3b0922,2,cpu,63.611699999455595,12.647800000195275,203.3372000005329,35.07230000104755,251.05730000177573,314.7361000010278,mixed,0.8115888833999634
mixed/mixed_08.jpeg,mixed,2e3b0a216ec060baa81be43847f1caa87e698acb92562db598107d24cf3b0922,3,cpu,66.63959999968938,13.311100001374143,216.56330000041635,35.13380000003963,265.0082000018301,331.7176999989897,mixed,0.8115888833999634
mixed/mixed_08.jpeg,mixed,2e3b0a216ec060baa81be43847f1caa87e698acb92562db598107d24cf3b0922,4,cpu,64.51910000032512,13.340700001208461,207.87139999993087,36.881399999401765,258.0935000005411,322.6804000005359,mixed,0.8115888833999634
mixed/mixed_08.jpeg,mixed,2e3b0a216ec060baa81be43847f1caa87e698acb92562db598107d24cf3b0922,5,cpu,67.55220000013651,12.840800000049057,197.12500000059663,34.63800000099582,244.6038000016415,312.2674000005645,mixed,0.8115888833999634
mixed/mixed_09.png,mixed,ba4713df34c59c46bdfc51d01d197573fc53b18f6765bc59ffa5ed467b205eee,1,cpu,114.23639999884472,19.794599998931517,197.92969999980414,31.592499999533175,249.31679999826883,363.6141000006319,mixed,0.9798629879951477
mixed/mixed_09.png,mixed,ba4713df34c59c46bdfc51d01d197573fc53b18f6765bc59ffa5ed467b205eee,2,cpu,65.31420000101207,15.84039999943343,197.28030000078434,32.744399999501184,245.86509999971895,311.24330000056943,mixed,0.9798629879951477
mixed/mixed_09.png,mixed,ba4713df34c59c46bdfc51d01d197573fc53b18f6765bc59ffa5ed467b205eee,3,cpu,73.26800000009825,20.031799998832867,214.8976999997103,33.28800000053889,268.21749999908207,341.55140000075335,mixed,0.9798629879951477
mixed/mixed_09.png,mixed,ba4713df34c59c46bdfc51d01d197573fc53b18f6765bc59ffa5ed467b205eee,4,cpu,68.93240000135847,16.920399999435176,196.97480000104406,33.789300001444644,247.68450000192388,316.68119999994815,mixed,0.9798629879951477
mixed/mixed_09.png,mixed,ba4713df34c59c46bdfc51d01d197573fc53b18f6765bc59ffa5ed467b205eee,5,cpu,69.2944999991596,16.97510000121838,183.84509999850707,32.252900000457885,233.07310000018333,302.428000000873,mixed,0.9798629879951477
mixed/mixed_10.png,mixed,e62f410605f09161b782e70e36c1394feaef6fdcf4358bf334e2cb374f31209f,1,cpu,105.41819999889412,14.894699999786098,196.07010000072478,32.1036000004824,243.06840000099328,348.5438999996404,mixed,0.9174965620040894
mixed/mixed_10.png,mixed,e62f410605f09161b782e70e36c1394feaef6fdcf4358bf334e2cb374f31209f,2,cpu,66.19700000010198,17.30169999973441,203.57499999954598,31.40950000124576,252.28620000052615,318.55279999945196,mixed,0.9174965620040894
mixed/mixed_10.png,mixed,e62f410605f09161b782e70e36c1394feaef6fdcf4358bf334e2cb374f31209f,3,cpu,66.29419999990205,14.618100000006962,198.34090000040305,33.06140000131563,246.02040000172565,312.3746999990544,mixed,0.9174965620040894
mixed/mixed_10.png,mixed,e62f410605f09161b782e70e36c1394feaef6fdcf4358bf334e2cb374f31209f,4,cpu,67.0350000000326,17.992699999012984,202.217500000188,32.59710000020277,252.80729999940377,319.90870000117866,mixed,0.9174965620040894
mixed/mixed_10.png,mixed,e62f410605f09161b782e70e36c1394feaef6fdcf4358bf334e2cb374f31209f,5,cpu,74.91180000033637,14.638200000263168,196.9146000010369,31.84499999952095,243.397800000821,318.37500000074215,mixed,0.9174965620040894
mixed/mixed_11.png,mixed,aa85b277f60f06cbb0aedb8e19fc191cd6bb3f783879f3ad6171123ac5e1bc5b,1,cpu,123.96950000038487,24.600400000053924,230.75599999901897,34.51580000000831,289.8721999990812,413.9166999993904,mixed,0.9750034809112549
mixed/mixed_11.png,mixed,aa85b277f60f06cbb0aedb8e19fc191cd6bb3f783879f3ad6171123ac5e1bc5b,2,cpu,78.0998999998701,21.503199999642675,206.19609999994282,32.65619999910996,260.35549999869545,338.5203999987425,mixed,0.9750034809112549
mixed/mixed_11.png,mixed,aa85b277f60f06cbb0aedb8e19fc191cd6bb3f783879f3ad6171123ac5e1bc5b,3,cpu,71.97850000011385,21.386700000221026,202.55999999972119,32.0772000013676,256.0239000013098,328.055799998765,mixed,0.9750034809112549
mixed/mixed_11.png,mixed,aa85b277f60f06cbb0aedb8e19fc191cd6bb3f783879f3ad6171123ac5e1bc5b,4,cpu,71.29370000075141,20.119299999350915,198.66560000082245,32.28779999881226,251.07269999898563,322.42349999978615,mixed,0.9750034809112549
mixed/mixed_11.png,mixed,aa85b277f60f06cbb0aedb8e19fc191cd6bb3f783879f3ad6171123ac5e1bc5b,5,cpu,69.88810000075318,19.097800000963616,191.92129999828467,31.918900000164285,242.93799999941257,312.8878000006807,mixed,0.9750034809112549
